ticker,Cotacao,P/L,P/VP,PSR,DY,P/Ativo,P/Cap.Giro,P/EBIT,P/ACL,EV/EBIT,EV/EBITDA,Mrg.Ebit,Mrg.Liq.,Liq.Corr.,ROIC,ROE,LPA,Liq.2meses,Pat.Liq,Div.Brut/Pat.,Cresc.5anos,avg_return,volatility,cumulative_return,sharpe_ratio,Earn. Yield
MMAQ3,2550.01,2.83,0.33,0.075,0.00%,0.144,0.51,-4.72,0.53,-4.62,-7.65,-1.59%,2.65%,1.51,-6.21%,11.84%,901.0636042402828,2.83,281668000.0,0.27,27.07%,2.070692205228587,21.96514620065424,849.0033365885416,0.4104911835007884,35.3356890459364
HETA3,96.0,60.97,-0.14,11.769,0.00%,3.356,-63.5,13.18,-0.14,100.55,100.55,89.30%,19.30%,0.84,25.49%,-0.23%,1.5745448581269477,60.97,-351178000.0,-0.92,31.09%,0.6958344728638091,0.1673736047343772,22.940148259485017,0.5220661071054351,1.6401508938822373
PRIO3,41.63,7.61,2.05,2.645,0.00%,0.862,2.7,5.21,-4.74,6.29,4.78,50.75%,34.74%,5.01,23.51%,26.94%,5.470433639947438,7.61,18191400000.0,1.07,72.31%,0.642916835053025,0.0377177506868975,18.78563231000122,1.0242600918273594,13.14060446780552
MMAQ4,2550.01,2.83,0.33,0.075,7.36%,0.144,0.51,-4.72,0.53,-4.62,-7.65,-1.59%,2.65%,1.51,-6.21%,11.84%,901.0636042402828,2.83,281668000.0,0.27,27.07%,0.5785961095194609,0.3767467303636433,14.562126206928212,0.3985109822591005,35.3356890459364
NUTR3,3.99,6.93,1.3,0.28,0.00%,0.446,1.46,3.99,6.28,4.64,4.36,7.02%,4.04%,1.72,13.70%,18.82%,0.5757575757575758,6.93,40524000.0,0.31,26.41%,0.5417108151096857,0.059635112479273,12.500000099341056,0.7803032494723239,14.43001443001443
DEXP3,8.2,5.48,0.94,0.514,5.82%,0.592,1.28,5.9,2.19,5.06,4.19,8.71%,10.31%,3.61,15.01%,17.16%,1.4963503649635035,5.48,952856000.0,0.28,15.90%,0.5411801152757902,0.0404014412406223,12.472084480177225,0.8894537606625302,18.248175182481752
BMEB4,38.19,5.74,2.06,0.0,5.77%,0.0,0.0,0.0,0.0,0.0,0.0,0.00%,0.00%,0.0,0.00%,35.91%,6.653310104529616,5.74,1942290000.0,0.0,21.78%,0.4742838419813386,0.0241963467162782,9.317241800242517,1.0261677031644942,17.421602787456447
MNPR3,22.05,48.35,-0.49,0.466,0.00%,0.446,-0.41,3.53,-0.33,3.52,2.94,13.21%,0.97%,0.34,13.50%,-1.01%,0.4560496380558428,48.35,-319189000.0,0.0,8.80%,0.4561892357700474,0.0432723782376267,8.57894755554553,0.7774473369198459,2.0682523267838677
BMEB3,32.0,4.81,1.73,0.0,6.25%,0.0,0.0,0.0,0.0,0.0,0.0,0.00%,0.00%,0.0,0.00%,35.91%,6.652806652806653,4.81,1942290000.0,0.0,21.78%,0.4428978079882602,0.0334290433742928,8.065155880837466,0.8200128478141772,20.79002079002079
RSUL4,55.0,6.03,1.51,0.911,3.87%,0.862,2.73,3.89,7.87,3.52,3.27,23.43%,15.09%,2.42,26.54%,25.08%,9.12106135986733,6.03,220737000.0,0.06,18.16%,0.4386460990639516,0.027666438498381,7.905737285005957,0.8875881331964522,16.58374792703151
ODER4,100.0,38.72,2.13,1.682,0.98%,1.131,2.31,26.28,4.14,28.76,20.65,6.40%,4.34%,2.93,5.29%,5.50%,2.5826446280991737,38.72,529795000.0,0.41,9.75%,0.4377682245763592,0.0798092801259682,7.873114102769362,0.5309263535772201,2.5826446280991737
MRSA5B,29.9,7.1,1.34,1.403,2.97%,0.56,13.9,3.74,-1.42,5.13,3.77,37.54%,19.77%,1.27,17.85%,18.95%,4.211267605633803,7.1,7515520000.0,0.8,20.87%,0.3860509376631038,0.0405827947664749,6.119047851519263,0.617854690721387,14.084507042253522
BPAC3,13.98,14.12,2.86,0.0,2.05%,0.0,0.0,0.0,0.0,0.0,0.0,0.00%,0.00%,0.0,0.00%,20.25%,0.9900849858356942,14.12,56270400000.0,0.0,14.46%,0.383068773763471,0.0350339079547475,6.027452171322612,0.7270596017812356,7.0821529745042495
WLMM4,30.5,7.96,1.46,0.339,4.55%,0.967,2.58,5.83,3.45,6.37,6.19,5.82%,4.26%,2.55,19.35%,18.33%,3.8316582914572863,7.96,761138000.0,0.31,31.31%,0.350904830339888,0.029747059780698,5.100393747350642,0.7271887207500795,12.562814070351758
CTKA4,21.5,1.97,-2.36,0.191,0.00%,0.205,0.68,2.03,-0.54,8.1,6.29,9.39%,9.66%,1.74,13.01%,-119.38%,10.913705583756345,1.97,-56602000.0,-8.0,16.59%,0.3503245588402364,0.0542032548853639,5.0846561307098845,0.6724352457840516,50.76142131979695
WEGE3,53.52,36.87,11.39,6.288,1.41%,6.186,21.55,27.66,28.42,27.28,25.01,22.74%,17.74%,1.78,30.00%,30.89%,1.4515866558177382,36.87,19724500000.0,0.15,21.39%,0.3410044999911141,0.0227832337743463,4.83648526769395,0.8031279816270976,2.712232167073502
BRGE5,13.18,33.11,0.73,273.039,0.00%,0.325,0.85,-1.39,1.65,0.89,0.91,-19636.90%,1381.29%,3.06,-50.03%,2.21%,0.39806704922983993,33.11,1324180000.0,0.0,-45.61%,0.324750423913646,0.0700630626202941,4.423868289338892,0.6002182020079868,3.0202355783751136
MRSA3B,32.0,7.59,1.44,1.501,0.00%,0.599,14.87,4.0,-1.52,5.4,3.96,37.54%,19.77%,1.27,17.85%,18.95%,4.216073781291173,7.59,7515520000.0,0.8,20.87%,0.3210466763238533,0.0448415182772607,4.333333333333333,0.5783700014114941,13.175230566534916
FRIO3,300.21,98.33,5.55,0.895,0.00%,1.028,11.46,19.73,-11.87,26.08,15.26,4.54%,1.16%,1.15,7.59%,5.64%,3.0530865453066203,98.33,340187000.0,2.21,8.34%,0.3130234227319506,0.0536917357201052,4.141525527178233,0.6255349567010183,1.0169836265636123
WLMM3,24.85,6.49,1.19,0.276,5.08%,0.788,2.1,4.75,2.81,5.29,5.14,5.82%,4.26%,2.55,19.35%,18.33%,3.8289676425269645,6.49,761138000.0,0.31,31.31%,0.3056343655128435,0.0413567932449645,3.9700000762939407,0.5741978313729773,15.408320493066254
CEDO3,30.5,4.81,1.23,0.302,0.00%,0.339,2.71,1.65,-1.29,3.67,3.25,18.30%,6.29%,1.37,22.66%,25.52%,6.340956340956342,4.81,248620000.0,1.53,14.36%,0.2835394248665914,0.0577994849380163,3.48529399183796,0.5786490590566675,20.79002079002079
CTKA3,21.89,2.01,-2.4,0.194,0.00%,0.209,0.69,2.07,-0.55,8.13,6.32,9.39%,9.66%,1.74,13.01%,-119.38%,10.890547263681594,2.01,-56602000.0,-8.0,16.59%,0.2831196891956706,0.0629149794342296,3.4764826149945582,0.5683194559074171,49.75124378109454
BRGE12,13.47,33.84,0.75,279.047,0.00%,0.332,0.87,-1.42,1.68,0.86,0.88,-19636.90%,1381.29%,3.06,-50.03%,2.21%,0.3980496453900709,33.84,1324180000.0,0.0,-45.61%,0.2830529618439366,0.0353328906320237,3.4750831593709366,0.5816848429390169,2.9550827423167845
BPAC11,28.04,9.44,1.91,0.0,3.06%,0.0,0.0,0.0,0.0,0.0,0.0,0.00%,0.00%,0.0,0.00%,20.25%,2.9703389830508473,9.44,56270400000.0,0.0,14.46%,0.2806872463757037,0.0301757650919561,3.4257027564864826,0.6118802829603132,10.59322033898305
FRAS3,20.8,17.46,2.74,1.56,3.13%,1.268,3.65,11.4,13.82,12.03,9.34,13.69%,9.27%,2.26,15.76%,15.71%,1.1912943871706758,17.46,2046740000.0,0.56,23.77%,0.2785089864995069,0.0206838511289121,3.3806376916697927,0.7019634601172198,5.72737686139748
ENMT4,84.9,14.72,4.68,2.334,3.24%,1.315,131.21,9.06,-2.8,11.5,9.98,25.76%,15.85%,1.04,16.35%,31.81%,5.767663043478261,14.72,3968130000.0,1.49,11.20%,0.2748410555923504,0.019379086576865,3.305618045347252,0.7179339580345241,6.7934782608695645
BRGE7,13.07,32.83,0.73,270.76,2.51%,0.322,0.84,-1.38,1.63,0.9,0.92,-19636.90%,1381.29%,3.06,-50.03%,2.21%,0.3981114833993299,32.83,1324180000.0,0.0,-45.61%,0.2738358056592034,0.0349566193377021,3.2852458685772685,0.502176982646112,3.045994517209869
BAUH4,78.19,16.33,3.41,1.703,1.05%,2.318,14.35,20.17,16.41,18.26,14.21,8.44%,10.42%,1.54,20.15%,20.87%,4.788120024494795,16.33,119769000.0,0.0,7.04%,0.2659549043259153,0.0175951700622989,3.1282999068984347,0.730008734669534,6.12369871402327
CPLE5,10.9,10.48,1.28,1.5,4.81%,0.575,7.06,7.9,-2.01,10.0,7.4,18.98%,14.61%,1.45,8.82%,12.17%,1.0400763358778626,10.48,25493400000.0,0.64,3.90%,0.2612388770391118,0.088280621387088,3.03669513804574,0.447168448267818,9.541984732824428
ENMT3,77.26,13.4,4.26,2.124,3.56%,1.197,119.4,8.24,-2.55,10.69,9.28,25.76%,15.85%,1.04,16.35%,31.81%,5.765671641791045,13.4,3968130000.0,1.49,11.20%,0.249740093805276,0.0167961996222412,2.820419633658769,0.7076281806077207,7.46268656716418
CEDO4,22.0,3.47,0.88,0.218,0.00%,0.244,1.96,1.19,-0.93,3.21,2.85,18.30%,6.29%,1.37,22.66%,25.52%,6.340057636887607,3.47,248620000.0,1.53,14.36%,0.2412307402390541,0.0531941162449364,2.6666666666666763,0.5469447741416643,28.818443804034576
KEPL3,9.28,6.62,2.21,1.011,9.09%,1.076,2.91,5.51,5.91,5.05,4.47,18.34%,15.27%,2.14,30.92%,33.38%,1.4018126888217521,6.62,754480000.0,0.42,26.77%,0.2390231054995959,0.0225995845899506,2.627631800235838,0.5820799976621475,15.105740181268882
BPAC5,7.11,7.18,1.45,0.0,4.02%,0.0,0.0,0.0,0.0,0.0,0.0,0.00%,0.00%,0.0,0.00%,20.25%,0.9902506963788301,7.18,56270400000.0,0.0,14.46%,0.2316638414056795,0.0323294863861821,2.4999999999999734,0.5278173660707501,13.92757660167131
EALT3,13.97,4.63,1.12,0.569,3.30%,0.51,8.09,3.78,-5.01,5.03,3.92,15.04%,12.30%,1.17,14.60%,24.31%,3.0172786177105833,4.63,279592000.0,0.42,20.75%,0.2286175862656416,0.0756089338076738,2.448275910667964,0.5200720532711699,21.598272138228943
BAZA3,84.8,3.64,0.7,0.0,7.79%,0.0,0.0,0.0,0.0,0.0,0.0,0.00%,0.00%,0.0,0.00%,19.17%,23.296703296703296,3.64,6804740000.0,0.0,16.48%,0.2280966260506509,0.0232456700529423,2.439494375261263,0.5507851780207861,27.472527472527474
BRGE3,13.5,33.91,0.75,279.668,0.00%,0.333,0.87,-1.42,1.69,0.86,0.87,-19636.90%,1381.29%,3.06,-50.03%,2.21%,0.3981126511353583,33.91,1324180000.0,0.0,-45.61%,0.2232210271425503,0.0509173399951356,2.3582089711574024,0.5191364713346013,2.9489826010026543
BRGE8,13.17,33.08,0.73,272.832,1.78%,0.324,0.85,-1.39,1.65,0.89,0.91,-19636.90%,1381.29%,3.06,-50.03%,2.21%,0.3981257557436518,33.08,1324180000.0,0.0,-45.61%,0.2181963022780328,0.0457589038118224,2.2761194375077007,0.4661956524581475,3.0229746070133015
EUCA4,13.5,3.18,0.48,0.452,5.45%,0.279,1.5,3.29,-5.99,4.73,2.8,13.73%,14.23%,1.97,9.64%,15.24%,4.245283018867925,3.18,2584630000.0,0.32,12.42%,0.2160176406201193,0.0329848829903857,2.2410500568619858,0.4988234923481601,31.446540880503143
DIRR3,25.58,7.97,2.16,1.451,13.02%,0.466,1.46,7.12,-1.51,7.47,6.77,20.38%,20.84%,3.38,7.98%,27.03%,3.209535759096612,7.97,2058530000.0,0.86,19.44%,0.2097906308612791,0.0286640588402707,2.14253640833529,0.4932237484684924,12.547051442910917
BPAN4,6.34,10.61,0.97,0.0,3.81%,0.0,0.0,0.0,0.0,0.0,0.0,0.00%,0.00%,0.0,0.00%,9.12%,0.5975494816211122,10.61,8312400000.0,0.0,9.28%,0.2083432703816541,0.0388921131814939,2.119999885559101,0.4949997128497791,9.42507068803016
SHUL4,5.59,7.34,1.43,1.029,8.50%,0.795,1.73,8.49,3.49,7.6,5.88,12.12%,14.00%,3.18,15.56%,19.43%,0.7615803814713896,7.34,1399880000.0,0.46,17.90%,0.2081329909265916,0.0235701195482201,2.1167369101663587,0.5060943872116153,13.623978201634875
STBP3,13.1,14.88,4.92,4.073,19.87%,1.628,5.61,9.57,-6.37,9.68,8.07,42.54%,27.37%,3.36,27.02%,33.05%,0.8803763440860214,14.88,2301870000.0,1.11,29.91%,0.2066702401855584,0.0297764559719139,2.094117557301242,0.4867104910856564,6.720430107526881
TXRX3,10.0,2.06,-0.13,0.362,0.00%,0.238,-0.27,-5.24,-0.1,-42.51,-63.94,-6.90%,17.56%,0.31,-4.83%,-6.32%,4.854368932038835,2.06,-327457000.0,-0.93,-8.86%,0.202494879628521,0.0922866080776942,2.030303074089735,0.6161219213982677,48.543689320388346
JBSS3,35.83,10.91,1.7,0.2,8.37%,0.351,2.72,3.96,-0.95,7.69,4.9,5.06%,2.08%,1.47,12.05%,15.60%,3.284142988084326,10.91,46708500000.0,2.21,10.54%,0.2019743628100307,0.0255972615324409,2.022425208051897,0.4806404227816206,9.165902841429881
BRGE11,13.18,33.11,0.73,273.039,2.14%,0.325,0.85,-1.39,1.65,0.89,0.91,-19636.90%,1381.29%,3.06,-50.03%,2.21%,0.39806704922983993,33.11,1324180000.0,0.0,-45.61%,0.2006380104744403,0.043068090479779,2.0022780651533343,0.4624839913754139,3.0202355783751136
EALT4,13.07,4.33,1.05,0.532,3.89%,0.477,7.57,3.54,-4.69,4.79,3.73,15.04%,12.30%,1.17,14.60%,24.31%,3.0184757505773674,4.33,279592000.0,0.42,20.75%,0.2001837143308096,0.0274619130548368,1.995454549887965,0.47511132192493,23.09468822170901
CPLE6,9.15,8.8,1.07,1.259,4.64%,0.483,5.93,6.63,-1.69,8.73,6.46,18.98%,14.61%,1.45,8.82%,12.17%,1.0397727272727273,8.8,25493400000.0,0.64,3.90%,0.1969558806329441,0.0217495179325146,1.9473438462325152,0.4888510193222602,11.363636363636363
MRFG3,16.8,65.02,2.76,0.106,17.25%,0.11,1.47,2.92,-0.26,10.5,4.43,3.65%,0.93%,1.23,5.27%,4.25%,0.2583820362965242,65.02,5383430000.0,10.88,23.61%,0.195168842571602,0.031128470583384,1.9209863715226176,0.4674568940350713,1.5379883112888344
MRSA6B,28.0,6.64,1.26,1.314,3.17%,0.524,13.01,3.5,-1.33,4.9,3.59,37.54%,19.77%,1.27,17.85%,18.95%,4.216867469879518,6.64,7515520000.0,0.8,20.87%,0.1944611530765825,0.0352886125404884,1.910602945227867,0.4277025348051157,15.060240963855422
TOTS3,27.01,24.9,3.37,3.197,1.72%,1.844,8.97,9.14,-26.38,8.85,7.5,34.96%,13.27%,2.44,27.43%,13.54%,1.0847389558232934,24.9,4802610000.0,0.34,19.21%,0.1922576536638045,0.0258779996535429,1.878469415306016,0.4629222174618642,4.0160642570281135
SOND6,46.0,9.62,1.89,0.648,10.96%,0.945,3.17,3.91,9.43,2.86,2.46,16.57%,6.76%,1.99,33.07%,19.64%,4.781704781704782,9.62,59832000.0,0.0,33.28%,0.1920185198555213,0.0242226641219177,1.874999999999999,0.456966643061395,10.395010395010395
MERC3,15.28,31.93,2.42,0.0,1.38%,0.0,0.0,0.0,0.0,0.0,0.0,0.00%,0.00%,0.0,0.00%,7.57%,0.47854682117131225,31.93,259250000.0,0.0,-0.97%,0.1908797072189214,0.1337702449081196,1.8585256044661995,0.3947811026970693,3.131850923896023
CEBR3,15.9,6.65,1.07,3.283,9.82%,0.777,1.7,9.14,1.85,3.75,3.52,35.91%,63.77%,7.93,15.95%,16.02%,2.3909774436090223,6.65,1075360000.0,0.0,-20.96%,0.1901641386338257,0.0359829995684022,1.8482143001592977,0.4848964249077868,15.037593984962406
CEBR6,17.6,7.37,1.18,3.634,9.76%,0.86,1.88,10.12,2.04,4.72,4.44,35.91%,63.77%,7.93,15.95%,16.02%,2.3880597014925375,7.37,1075360000.0,0.0,-20.96%,0.1899948500900106,0.0309968663017036,1.8457794027397745,0.4691258275682065,13.568521031207597
HBTS5,28.0,1.42,0.38,0.786,10.86%,0.163,2.41,1.51,-0.37,2.87,2.85,51.95%,55.25%,2.09,10.96%,26.69%,19.71830985915493,1.42,673759000.0,0.38,19.42%,0.1867892960457084,0.1083036139315333,1.799999999999994,0.4094417485149415,70.42253521126761
CPLE3,8.28,7.96,0.97,1.139,4.66%,0.437,5.36,6.0,-1.53,8.1,6.0,18.98%,14.61%,1.45,8.82%,12.17%,1.0402010050251256,7.96,25493400000.0,0.64,3.90%,0.1813217524244714,0.0213461104641776,1.7233333587646396,0.4530109526438568,12.562814070351761
BNBR3,101.33,4.67,0.74,0.0,5.23%,0.0,0.0,0.0,0.0,0.0,0.0,0.00%,0.00%,0.0,0.00%,15.78%,21.698072805139187,4.67,13559400000.0,0.0,17.55%,0.1772425235881134,0.0253345139022305,1.667280793738156,0.4308268306583308,21.413276231263385
LUXM4,12.0,17.77,1.91,1.895,1.85%,1.4,243.8,13.38,-9.49,13.26,7.52,14.16%,10.66%,1.05,11.25%,10.76%,0.6752954417557682,17.77,130398000.0,0.05,5.23%,0.1771974362060606,0.0227099255278037,1.6666666666666683,0.4318443905737161,5.627462014631401
EMBR3,58.05,16.54,2.52,1.369,0.00%,0.676,3.4,15.18,-4.45,17.43,11.91,9.02%,8.53%,1.56,5.78%,15.22%,3.5096735187424426,16.54,17073700000.0,0.84,19.91%,0.1752463612922339,0.031134832307184,1.6402041093178117,0.4312636269801339,6.045949214026603
MTSA4,38.78,7.53,0.74,0.707,5.39%,0.582,1.0,15.14,1.03,8.48,5.31,4.67%,9.39%,3.93,6.08%,9.87%,5.150066401062417,7.53,458554000.0,0.08,9.78%,0.1715020813356793,0.0255660106866946,1.5900331593506136,0.41704471434664,13.280212483399733
SBSP3,89.24,6.54,1.61,1.715,1.61%,0.801,61.23,3.79,-2.03,5.05,4.28,45.19%,26.23%,1.14,22.27%,24.61%,13.645259938837919,6.54,37909000000.0,0.63,17.74%,0.1694146053331635,0.0239515366194248,1.5624091484367837,0.4151073873658357,15.29051987767584
ENEV3,10.67,25.77,1.37,2.228,0.00%,0.436,15.14,7.31,-0.86,12.74,8.33,30.47%,13.60%,1.23,6.43%,5.32%,0.41404734187039194,25.77,15047200000.0,1.16,33.61%,0.168605283744103,0.0222328994692363,1.5517655132172088,0.419308909669067,3.880481179666279
EKTR4,49.0,9.47,4.61,1.033,21.24%,0.802,58.61,4.35,-1.52,7.23,6.15,23.76%,10.92%,1.05,21.67%,48.71%,5.174234424498415,9.47,2059000000.0,3.51,2.48%,0.1685485182675941,0.0292051958753572,1.5510203585134223,0.4135492750900754,10.559662090813092
ELET5,82.57,18.76,1.57,5.003,0.00%,0.681,6.73,19.71,-1.84,23.94,17.12,25.39%,26.69%,2.06,3.89%,8.38%,4.40138592750533,18.76,121252000000.0,0.58,4.78%,0.1669264094283322,0.0210007991256182,1.5298036217707374,0.408767355719652,5.330490405117271
EQPA7,8.24,8.78,3.74,1.696,9.22%,1.063,9.37,6.08,-3.12,7.0,6.14,27.88%,19.33%,1.43,23.41%,42.67%,0.938496583143508,8.78,4861470000.0,1.21,17.00%,0.1626422733941002,0.041545700236803,1.4744744624341115,0.4242695308128265,11.389521640091118
BRIV3,12.86,71.86,0.68,0.0,0.00%,0.0,0.0,0.0,0.0,0.0,0.0,0.00%,0.00%,0.0,0.00%,0.95%,0.17895908711383243,71.86,1671490000.0,0.0,-44.72%,0.1606841642100851,0.0417195875740009,1.4495237441289928,0.4022953053598244,1.3915947676036737
MOAR3,400.0,24.87,3.25,0.0,4.80%,1.69,3.69,-190.87,19.79,-154.87,-160.93,0.00%,0.00%,5.29,-1.97%,13.07%,16.083634901487734,24.87,1507750000.0,0.44,-97.96%,0.1569403205671284,0.0177849553774104,1.4024024024024064,0.4080411981117873,4.020908725371934
MNDL3,16.01,91.6,1.01,0.171,0.00%,0.112,-1.09,1.46,-0.23,5.75,5.03,11.70%,0.19%,0.79,8.29%,1.11%,0.17478165938864632,91.6,156921000.0,3.0,16.18%,0.1547199589087378,0.0408242548395503,1.3748149165400707,0.4349649195422169,1.091703056768559
EQPA3,5.44,5.79,2.47,1.12,13.97%,0.702,6.19,4.02,-2.06,4.94,4.33,27.88%,19.33%,1.43,23.41%,42.67%,0.9395509499136443,5.79,4861470000.0,1.21,17.00%,0.153846502837246,0.0271007246312722,1.3640350588250807,0.3781258444009166,17.271157167530223
RANI3,6.99,13.37,1.34,1.055,7.54%,0.481,2.24,5.07,-1.55,8.32,5.44,20.81%,7.90%,2.87,11.94%,10.02%,0.5228122662677637,13.37,1252340000.0,1.32,12.46%,0.1482170435935004,0.0364968058212833,1.2955325193510254,0.3926509338632915,7.479431563201197
PATI3,25.01,7.63,0.66,0.298,25.73%,0.336,0.71,5.74,1.23,5.21,4.58,5.19%,3.91%,2.6,11.17%,8.64%,3.2778505897771955,7.63,907705000.0,0.54,7.73%,0.1477656277483876,0.0334000487978519,1.2901118804009188,0.3834776913397364,13.106159895150721
EKTR3,40.03,7.73,3.77,0.844,23.63%,0.655,47.88,3.55,-1.24,6.43,5.47,23.76%,10.92%,1.05,21.67%,48.71%,5.178525226390685,7.73,2059000000.0,3.51,2.48%,0.1421775747626588,0.0323425742050084,1.223888821072049,0.3505855064447303,12.936610608020699
EMAE4,39.19,10.03,1.26,2.348,4.17%,0.673,1.83,27.42,-17.07,19.72,17.43,8.56%,23.41%,7.38,3.04%,12.55%,3.9072781655034894,10.03,1150320000.0,0.0,9.11%,0.141873327186055,0.030473042957244,1.2203295688700586,0.3704444042679628,9.970089730807578
VULC3,16.17,8.14,2.17,1.514,18.51%,1.46,3.06,8.19,3.59,8.0,6.73,18.47%,18.59%,2.87,22.27%,26.61%,1.9864864864864866,8.14,2049380000.0,0.17,27.84%,0.1389386361291043,0.0259263831855411,1.1862411125853831,0.3499581436468165,12.285012285012284
CEBR5,15.42,6.45,1.03,3.184,10.13%,0.753,1.65,8.87,1.79,3.47,3.26,35.91%,63.77%,7.93,15.95%,16.02%,2.3906976744186044,6.45,1075360000.0,0.0,-20.96%,0.1389104281145443,0.030890256233435,1.185915586792782,0.3726143853935789,15.503875968992245
POSI3,5.21,2.84,0.45,0.174,8.03%,0.173,0.44,2.1,2.38,4.3,3.69,8.27%,6.19%,2.38,10.88%,15.75%,1.8345070422535212,2.84,1651110000.0,0.72,19.36%,0.1386865263380479,0.0412536276519292,1.1833331512080387,0.4166825926771903,35.21126760563381
CSUD3,15.45,6.95,1.4,1.158,7.03%,0.959,18.77,5.27,-24.5,5.25,3.48,21.98%,16.66%,1.23,22.25%,20.13%,2.223021582733813,6.95,461386000.0,0.17,4.86%,0.1355253001547134,0.0271958921567724,1.147142818995892,0.3444624353266312,14.388489208633093
TECN3,5.46,5.47,0.87,0.936,3.01%,0.505,0.99,5.53,2.01,5.25,6.11,16.93%,17.09%,4.17,12.62%,15.82%,0.9981718464351006,5.47,404134000.0,0.26,10.87%,0.1292096268346019,0.038547576293576,1.0763359903962728,0.3836285671697393,18.281535648994517
CGAS5,124.02,5.83,16.53,1.081,17.88%,1.068,11.73,5.95,-1.86,8.7,7.07,18.19%,18.56%,1.34,22.94%,283.77%,21.272727272727273,5.83,994053000.0,9.84,17.13%,0.1289649448266832,0.0253972582670901,1.0736324592984228,0.3237752996033559,17.152658662092627
BSLI3,7.82,17.28,1.08,0.0,58.12%,0.0,0.0,0.0,0.0,0.0,0.0,0.00%,0.00%,0.0,0.00%,6.27%,0.4525462962962963,17.28,2868640000.0,0.0,5.93%,0.1285806179514312,0.0577048681051389,1.069391894726779,0.3687138965727927,5.787037037037036
BEES4,8.46,7.65,1.15,0.0,7.86%,0.0,0.0,0.0,0.0,0.0,0.0,0.00%,0.00%,0.0,0.00%,15.03%,1.1058823529411765,7.65,2322880000.0,0.0,12.05%,0.1270322738557241,0.0197737873512097,1.0523810183380262,0.3102524589862414,13.071895424836603
MILS3,8.62,6.96,1.38,1.337,7.50%,0.563,2.95,3.89,-2.39,5.77,4.02,34.37%,19.24%,2.15,18.97%,19.83%,1.2385057471264367,6.96,1463110000.0,1.13,29.06%,0.1243815512634649,0.0332693607146466,1.0235295015222945,0.3509923295837323,14.367816091954023
RADL3,21.35,33.04,5.82,0.973,1.58%,1.671,10.21,15.91,-13.34,17.15,9.63,6.12%,3.02%,1.39,14.56%,17.62%,0.6461864406779662,33.04,6302640000.0,0.52,18.39%,0.1230702956397369,0.0195966844025249,1.0093827696496676,0.2997761376005319,3.026634382566586
BEES3,8.29,7.5,1.13,0.0,8.02%,0.0,0.0,0.0,0.0,0.0,0.0,0.00%,0.00%,0.0,0.00%,15.03%,1.1053333333333333,7.5,2322880000.0,0.0,12.05%,0.1217461381896971,0.0141660347944355,0.995180612697816,0.306448080801305,13.333333333333334
BRIV4,12.54,70.08,0.66,0.0,2.61%,0.0,0.0,0.0,0.0,0.0,0.0,0.00%,0.00%,0.0,0.00%,0.95%,0.17893835616438356,70.08,1671490000.0,0.0,-44.72%,0.1210100232712552,0.0269008782838253,0.9873217235449244,0.3094943100762815,1.4269406392694064
ETER3,5.07,2.76,0.39,0.271,4.97%,0.24,1.08,6.02,5.48,8.06,4.53,4.50%,9.81%,2.05,4.24%,14.30%,1.8369565217391306,2.76,794181000.0,0.16,16.03%,0.12017274195393,0.0474169299342042,0.9784141521126364,0.4098122988674179,36.231884057971016
SOND5,39.5,8.26,1.62,0.556,12.77%,0.811,2.72,3.36,8.1,2.31,1.99,16.57%,6.76%,1.99,33.07%,19.64%,4.782082324455206,8.26,59832000.0,0.0,33.28%,0.1197578853493099,0.0280112289895383,0.9740129709237524,0.3105472014762877,12.106537530266344
PINE4,4.29,3.89,0.84,0.0,10.81%,0.0,0.0,0.0,0.0,0.0,0.0,0.00%,0.00%,0.0,0.00%,21.68%,1.1028277634961439,3.89,1168580000.0,0.0,89.98%,0.1188532891614204,0.037185225819611,0.9644444783528664,0.3527119928622184,25.70694087403599
CGAS3,122.0,5.73,16.26,1.064,16.53%,1.051,11.53,5.85,-1.83,8.6,6.99,18.19%,18.56%,1.34,22.94%,283.77%,21.291448516579404,5.73,994053000.0,9.84,17.13%,0.1167913142277052,0.0309649535239674,0.942778088700172,0.3144961719951933,17.45200698080279
FESA3,13.1,18.05,1.38,2.131,3.65%,1.066,3.7,20.71,5.43,18.36,8.71,10.29%,11.82%,3.24,6.62%,7.63%,0.7257617728531855,18.05,3357460000.0,0.09,10.49%,0.1162383632239694,0.0322147058481671,0.9370019042360452,0.326633764150135,5.540166204986149
UNIP5,50.8,13.58,2.08,1.295,8.11%,0.758,2.84,13.4,-4.93,14.52,8.63,9.66%,9.58%,2.26,8.77%,15.33%,3.7407952871870394,13.58,2762980000.0,1.01,5.31%,0.1141273446852373,0.0286798879565465,0.9150814676732532,0.3099149923140073,7.363770250368189
CURY3,17.95,8.13,4.83,1.415,9.29%,1.324,3.64,6.16,-54.83,5.78,5.59,22.98%,18.22%,2.21,36.21%,59.44%,2.207872078720787,8.13,1084020000.0,1.02,31.45%,0.1115898275257203,0.0257280762869357,0.8890064235912754,0.3936656899945944,12.300123001230011
SLCE3,17.33,19.13,1.55,1.014,4.79%,0.457,2.33,6.56,-2.1,10.12,8.25,15.45%,5.02%,1.71,8.26%,8.10%,0.905906952430737,19.13,4957970000.0,1.19,22.71%,0.1103001216027268,0.0222158088552292,0.8758675242071496,0.2695954105967816,5.227391531625719
JHSF3,3.75,4.12,0.48,1.636,9.89%,0.205,1.3,4.48,-0.95,9.33,8.38,36.48%,43.22%,1.92,5.06%,11.73%,0.9101941747572815,4.12,5265410000.0,0.75,7.46%,0.1102147012325158,0.0304605066038274,0.8750000000000144,0.3096410139808017,24.271844660194173
EQTL3,27.67,15.56,1.35,0.786,1.49%,0.308,4.0,3.51,-0.62,7.72,6.37,22.38%,7.40%,1.47,10.10%,8.65%,1.7782776349614395,15.56,25676500000.0,2.01,25.96%,0.1042239658001478,0.0186989524366896,0.8149868834131975,0.2416712880549226,6.426735218508997
CMIG3,14.61,5.22,1.49,1.083,6.92%,0.664,61.74,5.64,-2.24,6.65,5.62,19.21%,20.74%,1.04,13.93%,28.53%,2.7988505747126435,5.22,28060000000.0,0.5,11.01%,0.1040641489371911,0.024052958536111,0.8134080965336656,0.2655081796801216,19.157088122605366
POMO4,7.69,7.54,2.26,1.095,7.17%,0.974,3.69,6.9,24.78,7.78,6.86,15.88%,14.74%,1.78,19.92%,29.91%,1.0198938992042441,7.54,3874740000.0,0.74,23.77%,0.0985294321572458,0.027436101735326,0.7594340662380794,0.2718782701032194,13.262599469496022
EUCA3,16.5,3.88,0.59,0.552,4.05%,0.34,1.83,4.02,-7.32,5.46,3.24,13.73%,14.23%,1.97,9.64%,15.24%,4.252577319587629,3.88,2584630000.0,0.32,12.42%,0.0961706537380246,0.0661973489083187,0.7368421052631555,0.4169612796096236,25.773195876288657
UNIP3,46.06,12.31,1.89,1.174,8.14%,0.687,2.57,12.15,-4.47,13.27,7.89,9.66%,9.58%,2.26,8.77%,15.33%,3.7416734362307067,12.31,2762980000.0,1.01,5.31%,0.0957323830041745,0.0212521642494621,0.7326711877966547,0.2275527078699351,8.123476848090982
PTNT4,5.68,9.96,0.68,0.349,4.77%,0.264,0.7,10.43,4.76,14.46,6.31,3.34%,5.30%,2.84,3.98%,6.85%,0.5702811244979918,9.96,400258000.0,1.02,9.35%,0.0952224494232045,0.0268939264582197,0.727828785419923,0.2573075547692561,10.04016064257028
UNIP6,45.63,12.19,1.87,1.163,9.03%,0.681,2.55,12.03,-4.43,13.15,7.82,9.66%,9.58%,2.26,8.77%,15.33%,3.743232157506153,12.19,2762980000.0,1.01,5.31%,0.0946910739005568,0.0260332952388025,0.7227947765697158,0.2538394103555958,8.203445447087777
CLSC3,79.24,4.53,0.9,0.293,3.61%,0.228,3.04,2.68,-0.53,5.31,4.1,10.92%,6.46%,1.31,10.22%,19.94%,17.492273730684325,4.53,3382980000.0,1.28,4.09%,0.0946714020285717,0.020683211167052,0.7226086492123824,0.2203982016149502,22.075055187637968
ORVR3,38.21,19.82,4.04,3.635,0.00%,0.953,5.68,14.16,-2.38,19.64,12.08,25.67%,20.06%,2.0,8.65%,20.40%,1.927850655903128,19.82,784105000.0,2.42,30.93%,0.0946392314026878,0.021604779519793,0.7223042997871663,0.3707837259627786,5.045408678102926
POMO3,5.8,5.69,1.7,0.826,9.51%,0.734,2.78,5.2,18.69,6.08,5.37,15.88%,14.74%,1.78,19.92%,29.91%,1.0193321616871704,5.69,3874740000.0,0.74,23.77%,0.0934671367947133,0.0257079276565617,0.7112462552339762,0.2512821666356282,17.57469244288225
TKNO4,61.0,3.84,0.58,0.613,10.38%,0.45,1.13,3.91,1.23,1.92,1.68,15.67%,15.94%,3.12,17.54%,15.05%,15.885416666666668,3.84,310829000.0,0.01,10.35%,0.0932964893213081,0.0222645177105767,0.7096412409825901,0.2290832203524642,26.041666666666668
PATI4,35.0,10.68,0.92,0.417,24.14%,0.471,1.0,8.04,1.72,7.5,6.6,5.19%,3.91%,2.6,11.17%,8.64%,3.2771535580524347,10.68,907705000.0,0.54,7.73%,0.0931702009065307,0.0340429370158849,0.7084542513325374,0.2732818733519637,9.363295880149813
CEGR3,56.01,45.86,9.6,5.416,2.75%,3.069,-1101.43,27.13,-7.71,28.37,22.04,19.96%,11.81%,0.99,14.31%,20.93%,1.221325774095072,45.86,1515350000.0,0.79,-2.83%,0.0919769459456425,0.0333147188595761,0.6972726764100978,0.2409415405948337,2.1805494984736153
KLBN4,4.4,13.17,2.72,1.44,6.04%,0.461,3.39,6.58,-0.83,13.58,7.08,21.89%,9.93%,2.3,8.50%,20.66%,0.3340926347760061,13.17,9989390000.0,3.65,13.67%,0.0878844832218805,0.0191399054415902,0.6593859399205089,0.1931366763890735,7.593014426727411
GGBR3,16.32,7.03,0.61,0.523,4.87%,0.414,1.56,5.09,5.23,5.64,3.83,10.27%,7.49%,2.98,9.90%,8.73%,2.321479374110953,7.03,55295000000.0,0.23,10.59%,0.0872551895097946,0.0229928039287608,0.6536231795721354,0.2158909972647344,14.224751066856328
ALUP4,9.06,8.64,1.06,2.293,5.08%,0.287,2.96,3.3,-0.72,6.67,6.25,69.56%,45.21%,1.89,9.93%,12.29%,1.0486111111111112,8.64,8114360000.0,1.52,-12.49%,0.085464775808673,0.0204888051649789,0.6373186415363803,0.1948749857788429,11.574074074074074
ELMD3,28.69,33.74,4.36,3.545,0.30%,1.646,13.01,13.16,-6.69,14.59,10.34,26.94%,13.18%,1.75,16.66%,12.92%,0.8503260225251926,33.74,921664000.0,0.95,45.73%,0.0841814216213725,0.0305707679156979,0.6257143293108238,0.3395029324408189,2.9638411381149967
CRIV3,6.98,39.11,0.68,0.0,0.00%,0.0,0.0,0.0,0.0,0.0,0.0,0.00%,0.00%,0.0,0.00%,1.74%,0.17847097928918437,39.11,1058750000.0,0.0,-0.10%,0.0839085399177865,0.046453706453363,0.623255746386516,0.3329176257843486,2.5568908207619536
SUZB3,62.02,18.75,1.89,1.798,3.25%,0.512,4.06,5.96,-1.03,11.34,6.98,30.15%,9.65%,2.17,10.05%,10.08%,3.3077333333333336,18.75,41470800000.0,2.12,9.81%,0.0833102001594809,0.0232254646735334,0.6178757313891785,0.2066536102165415,5.333333333333334
CLSC4,78.28,4.48,0.89,0.289,4.02%,0.225,3.0,2.65,-0.52,5.28,4.08,10.92%,6.46%,1.31,10.22%,19.94%,17.473214285714285,4.48,3382980000.0,1.28,4.09%,0.0830749568538669,0.020817989483631,0.6157645994995757,0.1891456797595155,22.32142857142857
EQPA5,8.0,8.52,3.64,1.647,9.50%,1.032,9.1,5.91,-3.03,6.83,5.99,27.88%,19.33%,1.43,23.41%,42.67%,0.9389671361502347,8.52,4861470000.0,1.21,17.00%,0.0823930550095282,0.0385980023331771,0.6096580156377625,0.2756312151585212,11.737089201877934
CAMB3,10.46,5.93,1.56,0.972,6.37%,1.111,3.75,4.49,4.99,4.03,3.57,21.67%,16.39%,2.38,30.34%,26.33%,1.763912310286678,5.93,283139000.0,0.01,35.51%,0.0806173161699965,0.0307010278952051,0.5938461010272671,0.2848934181357969,16.863406408094438
PFRM3,6.23,7.18,0.58,0.083,9.23%,0.151,0.73,4.52,6.09,7.52,3.85,1.83%,1.26%,1.41,5.77%,8.02%,0.8676880222841227,7.18,1339100000.0,0.56,15.76%,0.0784815453046108,0.0293219596216486,0.5750000476837069,0.2392167156849681,13.92757660167131
CASN3,10.45,65.2,5.49,6.462,0.51%,2.373,-203.84,26.19,-5.54,30.39,21.26,24.67%,9.91%,0.92,9.50%,8.43%,0.1602760736196319,65.2,2188540000.0,0.95,8.63%,0.0781261725558957,0.0400443085507492,0.5718823395850428,0.1820760297078826,1.5337423312883436
CEEB5,35.7,5.35,1.34,0.601,7.80%,0.323,-5.89,2.35,-0.56,5.75,4.66,25.56%,11.22%,0.76,14.79%,25.13%,6.672897196261683,5.35,6957000000.0,2.06,4.36%,0.0756327757805617,0.0231936269309508,0.550151962593773,0.1820615546109674,18.691588785046733
ALUP11,27.2,8.65,1.06,2.295,5.07%,0.287,2.96,3.3,-0.72,6.67,6.25,69.56%,45.21%,1.89,9.93%,12.29%,3.144508670520231,8.65,8114360000.0,1.52,-12.49%,0.0753792801322805,0.014796963460819,0.5479568016629419,0.1213997729138302,11.560693641618498
USIM6,13.74,18.88,0.72,0.658,2.06%,0.437,1.38,109.07,4.1,112.35,13.05,0.60%,4.18%,3.72,0.51%,3.82%,0.7277542372881356,18.88,23848200000.0,0.27,11.56%,0.0729050311811978,0.0280302071349364,0.5266666412353511,0.2080819694321604,5.296610169491525
KLBN11,22.56,13.51,2.79,1.477,5.89%,0.473,3.48,6.75,-0.85,13.75,7.17,21.89%,9.93%,2.3,8.50%,20.66%,1.6698741672834936,13.51,9989390000.0,3.65,13.67%,0.0716692730346968,0.0189263300901331,0.5161250776811896,0.1419224099226057,7.401924500370097
PETR4,36.98,5.7,1.23,0.957,21.29%,0.448,-41.73,2.14,-0.94,3.23,2.46,44.64%,16.90%,0.94,23.16%,21.51%,6.487719298245613,5.7,393655000000.0,0.82,16.88%,0.0703558423458992,0.027538246090856,0.5049875265263042,0.2168530793760194,17.543859649122805
FESA4,7.66,10.56,0.81,1.246,6.87%,0.623,2.16,12.11,3.17,9.76,4.63,10.29%,11.82%,3.24,6.62%,7.63%,0.7253787878787878,10.56,3357460000.0,0.09,10.49%,0.0703378709720108,0.0260961427372003,0.5048356083169232,0.1957621855467461,9.469696969696969
PETR3,41.12,6.33,1.36,1.065,19.15%,0.498,-46.4,2.38,-1.04,3.47,2.65,44.64%,16.90%,0.94,23.16%,21.51%,6.496050552922591,6.33,393655000000.0,0.82,16.88%,0.0698762928034444,0.0282046534413764,0.5009381077884592,0.2211535253346627,15.797788309636651
GGBR4,17.94,7.72,0.67,0.574,4.43%,0.456,1.71,5.59,5.75,6.15,4.17,10.27%,7.49%,2.98,9.90%,8.73%,2.323834196891192,7.72,55295000000.0,0.23,10.59%,0.0691226081768965,0.0256070464632148,0.4945921921899132,0.1916445531788077,12.95336787564767
CMIG4,11.11,3.97,1.13,0.824,9.10%,0.505,46.95,4.29,-1.7,5.3,4.48,19.21%,20.74%,1.04,13.93%,28.53%,2.7984886649874054,3.97,28060000000.0,0.5,11.01%,0.068396464811784,0.0219993324963081,0.4884993422999628,0.1593295582490477,25.188916876574307
ROMI3,8.78,6.65,0.68,0.708,9.16%,0.34,1.15,11.45,3.3,18.33,10.13,6.18%,10.75%,1.96,3.52%,10.25%,1.320300751879699,6.65,1199630000.0,0.61,7.11%,0.067442810725804,0.0326622705843943,0.4805289858641619,0.2461769114040012,15.037593984962406
TAEE4,11.19,8.07,1.66,2.937,8.55%,0.573,12.39,5.22,-1.15,9.28,9.19,56.28%,36.39%,1.42,11.66%,20.59%,1.3866171003717471,8.07,6960480000.0,1.44,2.49%,0.0630352287608839,0.0134115916779922,0.4441523755982948,0.0558382592455617,12.391573729863692
CEEB3,38.41,5.76,1.45,0.646,7.25%,0.348,-6.34,2.53,-0.6,5.93,4.8,25.56%,11.22%,0.76,14.79%,25.13%,6.668402777777778,5.76,6957000000.0,2.06,4.36%,0.0630147279145414,0.0169632120814086,0.4439849359614871,0.0956075317602586,17.361111111111114
TASA4,8.45,13.61,0.89,0.654,3.59%,0.46,2.47,8.33,6.75,11.89,8.94,7.85%,4.80%,1.51,6.33%,6.56%,0.6208670095518001,13.61,1198000000.0,0.52,-0.41%,0.0618849589069312,0.0387295043911603,0.4347825913611673,0.2833499496351334,7.347538574577516
AGRO3,22.69,7.92,1.03,1.894,6.86%,0.604,4.01,7.57,-5.42,10.82,8.38,25.04%,23.93%,2.01,8.90%,12.97%,2.86489898989899,7.92,2269760000.0,0.52,7.96%,0.0613070206510075,0.020303875555001,0.4300940275054028,0.1238922829662957,12.626262626262626
CXSE3,14.18,12.08,3.26,0.0,9.82%,3.051,102.88,-349.67,103.69,-342.16,-342.17,0.00%,0.00%,1.47,-0.93%,26.95%,1.173841059602649,12.08,13069000000.0,0.0,0.00%,0.0593840155533098,0.0187827322194823,0.4145853669969228,0.2230261255655698,8.278145695364238
SAPR4,5.2,5.25,0.74,1.161,6.07%,0.39,5.55,3.34,-1.25,5.37,4.37,34.78%,22.12%,1.75,12.99%,14.18%,0.9904761904761905,5.25,10557300000.0,0.61,8.63%,0.0592735240235033,0.0205371012384038,0.4136985513948816,0.118709441755611,19.047619047619047
PORT3,16.69,15.42,2.82,2.679,6.39%,1.182,393.64,9.44,-2.84,12.46,8.98,28.40%,17.49%,1.02,13.66%,18.27%,1.082360570687419,15.42,2611850000.0,1.03,-0.45%,0.058864862156106,0.0160321082076896,0.4104226182325796,0.2668434551866754,6.48508430609598
GOAU4,9.99,6.16,0.54,0.156,4.59%,0.123,0.46,1.52,1.5,2.05,1.39,10.25%,7.53%,3.0,9.87%,8.70%,1.6217532467532467,6.16,18902200000.0,0.66,10.59%,0.0583650450530999,0.0256170507746249,0.4064245683558072,0.1677454808405088,16.233766233766232
BMIN4,16.89,9.89,0.58,0.0,8.29%,0.0,0.0,0.0,0.0,0.0,0.0,0.00%,0.00%,0.0,0.00%,5.85%,1.7077856420626896,9.89,140763000.0,0.0,24.84%,0.0582064533526971,0.0358416001554313,0.4051579655921897,0.2449020058974863,10.111223458038422
ELET3,34.17,7.76,0.65,2.07,3.71%,0.282,2.78,8.15,-0.76,12.39,8.86,25.39%,26.69%,2.06,3.89%,8.38%,4.403350515463917,7.76,121252000000.0,0.58,4.78%,0.0574916807468943,0.0288256593871333,0.3994611833134593,0.1918760378564434,12.886597938144329
PSSA3,37.0,8.98,1.78,0.672,4.17%,0.517,9.72,0.81,-4.09,0.42,0.42,82.56%,7.59%,1.1,84.44%,19.84%,4.120267260579064,8.98,13418900000.0,0.0,19.31%,0.0564112124646474,0.0179244589680625,0.3908863424811937,0.081415729797241,11.135857461024498
SOND3,47.0,9.83,1.93,0.662,9.76%,0.965,3.24,3.99,9.63,2.94,2.54,16.57%,6.76%,1.99,33.07%,19.64%,4.781281790437436,9.83,59832000.0,0.0,33.28%,0.0512560976835876,0.0139829082044803,0.3505747422530676,-0.0067058650268773,10.17293997965412
TAEE11,33.46,8.04,1.66,2.927,8.58%,0.571,12.35,5.2,-1.14,9.26,9.18,56.28%,36.39%,1.42,11.66%,20.59%,4.161691542288557,8.04,6960480000.0,1.44,2.49%,0.0511629606809442,0.0127050420077207,0.349855495291425,-0.0093366229023562,12.437810945273633
GOAU3,10.24,6.32,0.55,0.16,4.47%,0.127,0.47,1.56,1.54,2.09,1.41,10.25%,7.53%,3.0,9.87%,8.70%,1.620253164556962,6.32,18902200000.0,0.66,10.59%,0.0506963140049341,0.0231449342628147,0.3462566402602112,0.1253571969301258,15.822784810126581
ATOM3,4.3,5.32,2.77,3.315,0.00%,1.983,6.5,38.6,16.14,35.83,25.63,8.59%,65.85%,6.84,6.04%,52.07%,0.8082706766917293,5.32,36928000.0,0.0,-0.08%,0.0499245840422184,0.0584543173167011,0.3403224872370496,0.3538091515313887,18.796992481203006
VLID3,23.4,5.42,1.13,0.864,7.60%,0.678,1.97,4.5,4.96,4.63,3.68,19.22%,15.91%,2.87,20.16%,20.92%,4.317343173431734,5.42,1689020000.0,0.36,1.64%,0.0499045320012188,0.03279347559305,0.3401685898992623,0.2136617606180303,18.45018450184502
ALUP3,9.14,8.72,1.07,2.313,5.03%,0.29,2.98,3.33,-0.72,6.7,6.27,69.56%,45.21%,1.89,9.93%,12.29%,1.0481651376146788,8.72,8114360000.0,1.52,-12.49%,0.0497591955226306,0.0199353062032279,0.3390535877516609,0.0824259174357532,11.467889908256879
BMIN3,19.5,11.42,0.67,0.0,6.53%,0.0,0.0,0.0,0.0,0.0,0.0,0.00%,0.00%,0.0,0.00%,5.85%,1.7075306479859895,11.42,140763000.0,0.0,24.84%,0.0478829055020009,0.044362314868796,0.3247282368382735,0.2526526449017952,8.756567425569177
MERC4,9.45,19.74,1.49,0.0,2.46%,0.0,0.0,0.0,0.0,0.0,0.0,0.00%,0.00%,0.0,0.00%,7.57%,0.4787234042553192,19.74,259250000.0,0.0,-0.97%,0.0477251210284319,0.0500056143163287,0.3235294098004699,0.2971452824349156,5.065856129685917
AFLT3,7.36,20.55,1.88,8.471,9.09%,1.478,16.25,15.68,43.81,14.97,14.72,54.03%,41.22%,1.59,10.30%,9.13%,0.3581508515815085,20.55,247459000.0,0.0,14.93%,0.0475529324236323,0.0686850820577968,0.322222174146046,0.3235013020567908,4.8661800486618
SMTO3,24.85,7.3,1.26,1.085,5.58%,0.39,2.43,7.42,-1.05,14.29,4.41,14.61%,14.86%,2.01,6.17%,17.23%,3.404109589041096,7.3,6567680000.0,1.56,15.44%,0.0452530704261835,0.0263657277600598,0.3048648318728848,0.1492048568848836,13.698630136986301
RAPT3,8.32,7.92,0.89,0.244,4.37%,0.197,0.71,2.09,-1.96,5.21,4.18,11.70%,5.49%,1.9,12.13%,11.24%,1.0505050505050506,7.92,3079520000.0,1.94,21.63%,0.043888504852072,0.0248679685231577,0.2946563809618645,0.1285871838328439,12.626262626262626
SAPR11,26.34,5.32,0.75,1.176,5.89%,0.395,5.62,3.38,-1.27,5.41,4.41,34.78%,22.12%,1.75,12.99%,14.18%,4.951127819548872,5.32,10557300000.0,0.61,8.63%,0.0428947296772421,0.0200556105663365,0.2872638257233104,0.0642369492741836,18.796992481203006
BBSE3,36.53,8.58,5.96,0.0,7.26%,3.802,0.0,7.61,0.0,0.0,0.0,0.00%,0.00%,0.0,0.00%,69.51%,4.257575757575758,8.58,12251900000.0,0.0,0.00%,0.0426790201955418,0.0169832349170307,0.2856638502742101,0.0222645116123305,11.655011655011656
PEAB4,52.0,28.66,1.1,13.663,2.71%,0.774,4.55,-86.03,-8.5,-78.33,-280.02,-15.88%,47.66%,6.36,-1.08%,3.82%,1.8143754361479414,28.66,897527000.0,0.13,40.98%,0.04032250908203,0.0367312673740659,0.268292682926827,0.259588169966205,3.4891835310537336
UGPA3,16.42,6.99,1.25,0.139,3.96%,0.466,3.12,3.61,-2.35,5.8,4.67,3.86%,2.10%,1.57,16.50%,17.82%,2.3490701001430616,6.99,14703800000.0,1.04,11.97%,0.0399257061037359,0.0417996382367966,0.2653869653922915,0.2048805406602748,14.306151645207438
ENGI3,10.25,9.47,1.45,0.728,1.95%,0.318,8.1,3.42,-0.68,6.98,5.54,21.27%,10.07%,1.18,11.06%,15.26%,1.082365364308342,9.47,16229300000.0,2.06,11.27%,0.0393224134834557,0.0273215193591599,0.2609797956563557,0.1353728760150564,10.559662090813092
TASA3,8.68,13.98,0.92,0.672,3.50%,0.473,2.54,8.55,6.93,12.11,9.11,7.85%,4.80%,1.51,6.33%,6.56%,0.6208869814020028,13.98,1198000000.0,0.52,-0.41%,0.0342864667407134,0.0366193730652644,0.2246879163644826,0.2351623133759351,7.153075822603719
TAEE3,11.05,7.97,1.64,2.9,8.66%,0.566,12.23,5.15,-1.13,9.21,9.13,56.28%,36.39%,1.42,11.66%,20.59%,1.3864491844416564,7.97,6960480000.0,1.44,2.49%,0.0331698193571967,0.0139492684346596,0.2167598408269591,-0.068769498484366,12.547051442910917
HOOT4,2.28,0.44,-0.43,0.287,0.00%,0.084,-0.33,1.46,-0.07,1.13,0.84,19.63%,64.76%,0.35,6.05%,-96.30%,5.181818181818182,0.44,-98262000.0,-0.02,40.62%,0.032873000428387,0.0438424113263892,0.2146596721394991,0.2517926952746732,227.27272727272728
JOPA4,23.1,7.03,0.4,0.111,2.06%,0.11,0.34,1.84,1.51,6.06,5.48,6.06%,1.80%,1.81,8.38%,5.76%,3.2859174964438123,7.03,603799000.0,1.89,9.54%,0.0323110543156848,0.0233417169463404,0.2106918487336568,0.0643105635836814,14.224751066856328
BPAR3,182.07,4.72,0.83,0.0,0.00%,0.0,0.0,0.0,0.0,0.0,0.0,0.00%,0.00%,0.0,0.00%,17.64%,38.57415254237288,4.72,2081070000.0,0.0,8.85%,0.0316106662339439,0.0053234001144353,0.2057616379087334,-0.4519567410238336,21.1864406779661
TIMS3,14.81,22.38,0.0,2.898,6.48%,0.0,0.0,13.35,0.0,13.35,8.08,21.71%,12.95%,0.0,0.00%,0.00%,0.661751563896336,22.38,0.0,0.0,-3.84%,0.0309066969297622,0.018751549595635,0.2008230955280363,0.0081986499361388,4.468275245755138
BRAP3,15.07,3.29,0.67,0.0,13.82%,0.664,13.19,-259.02,13.25,-234.62,-234.62,0.00%,0.00%,5.11,-0.27%,20.47%,4.580547112462006,3.29,8808160000.0,0.0,0.00%,0.0304416882356084,0.0237307668635472,0.1975701864332586,0.0775765135675776,30.3951367781155
CRIV4,6.74,37.77,0.66,0.0,3.60%,0.0,0.0,0.0,0.0,0.0,0.0,0.00%,0.00%,0.0,0.00%,1.74%,0.17844850410378607,37.77,1058750000.0,0.0,-0.10%,0.0297751465691467,0.0250141964857068,0.192920293336712,0.0870950394816298,2.6476039184537994
BMKS3,330.0,10.45,0.74,9.417,11.90%,0.652,0.89,-34.46,1.02,0.88,0.9,-27.33%,90.16%,34.72,-6.18%,7.09%,31.578947368421055,10.45,202733000.0,0.02,-7.02%,0.0286028658443573,0.0294260671174673,0.1847788042726796,0.1401213397537245,9.569377990430624
BALM3,13.0,6.42,0.78,0.714,5.52%,0.473,1.01,4.86,1.44,2.94,2.46,14.70%,8.13%,2.82,13.87%,12.16%,2.0249221183800623,6.42,163039000.0,0.11,6.03%,0.0281749048375352,0.0356983853860086,0.1818181818181803,0.1631603449746149,15.57632398753894
BRGE6,12.92,32.46,0.72,267.653,4.36%,0.318,0.83,-1.36,1.62,0.92,0.94,-19636.90%,1381.29%,3.06,-50.03%,2.21%,0.3980283425754775,32.46,1324180000.0,0.0,-45.61%,0.0274307662360147,0.0589560817941851,0.1766849376081569,0.3069065196369924,3.080714725816389
ELET6,37.73,8.57,0.72,2.286,9.66%,0.311,3.07,9.0,-0.84,13.24,9.46,25.39%,26.69%,2.06,3.89%,8.38%,4.402567094515752,8.57,121252000000.0,0.58,4.78%,0.0262123159612703,0.024602820457148,0.1683199190234028,0.0768941769679375,11.668611435239205
TXRX4,2.1,0.43,-0.03,0.076,0.00%,0.05,-0.06,-1.1,-0.02,-38.37,-57.72,-6.90%,17.56%,0.31,-4.83%,-6.32%,4.883720930232559,0.43,-327457000.0,-0.93,-8.86%,0.0250256732276481,0.0827849324422937,0.1602209784646109,0.409568074352837,232.55813953488374
ABCB4,19.5,4.97,0.75,0.0,8.44%,0.0,0.0,0.0,0.0,0.0,0.0,0.00%,0.00%,0.0,0.00%,15.05%,3.9235412474849096,4.97,6378310000.0,0.0,136.58%,0.0248645105335836,0.020884302654089,0.1591246480206882,0.0216157748023029,20.12072434607646
VIVT3,48.72,14.75,1.15,1.45,5.83%,0.642,-85.76,9.54,-2.52,11.04,4.13,15.19%,9.86%,0.96,7.77%,7.80%,3.303050847457627,14.75,69028600000.0,0.28,6.49%,0.0218993977706327,0.0168282338116567,0.1391076557451935,-0.057238647217032,6.779661016949152
PEAB3,42.5,23.43,0.9,11.167,3.02%,0.633,3.71,-70.31,-6.95,-62.61,-223.83,-15.88%,47.66%,6.36,-1.08%,3.82%,1.8139137857447716,23.43,897527000.0,0.13,40.98%,0.0206741289571046,0.0326453164864268,0.1309206473981463,0.151078523189482,4.2680324370465215
KLBN3,4.8,14.37,2.97,1.571,5.54%,0.503,3.7,7.18,-0.9,14.18,7.39,21.89%,9.93%,2.3,8.50%,20.66%,0.33402922755741127,14.37,9989390000.0,3.65,13.67%,0.0203398576888247,0.0214685989008512,0.1286956488026989,0.0160458768204634,6.958942240779402
CGRA3,27.0,6.29,0.6,0.788,9.95%,0.442,1.59,6.94,2.67,4.79,3.42,11.35%,12.52%,2.8,8.15%,9.58%,4.292527821939586,6.29,934112000.0,0.0,11.79%,0.0201921938944498,0.0214937080804714,0.1277139220617851,0.0168192374178371,15.89825119236884
CGRA4,27.39,6.39,0.61,0.8,9.81%,0.449,1.62,7.04,2.71,4.89,3.49,11.35%,12.52%,2.8,8.15%,9.58%,4.286384976525822,6.39,934112000.0,0.0,11.79%,0.0201046919234593,0.0212982005586591,0.127132510665443,0.0130995291136735,15.64945226917058
TTEN3,13.28,8.32,1.69,0.551,0.89%,0.775,2.67,6.45,5.25,6.76,6.24,8.55%,6.63%,1.73,21.86%,20.30%,1.596153846153846,8.32,3920100000.0,0.5,37.32%,0.0197675172373337,0.0275309021867569,0.1248944721175435,0.1277705320977361,12.01923076923077
BRAP4,15.91,3.47,0.71,0.0,14.40%,0.701,13.92,-273.45,13.99,-249.06,-249.06,0.00%,0.00%,5.11,-0.27%,20.47%,4.585014409221902,3.47,8808160000.0,0.0,0.00%,0.0192181588239415,0.0238048484320245,0.1212559737136624,0.0488604461851142,28.818443804034583
B3SA3,10.31,12.97,2.92,5.38,3.64%,1.214,7.34,9.65,-5.34,9.31,8.24,55.74%,41.49%,1.86,18.76%,22.53%,0.79491133384734,12.97,19145200000.0,0.67,4.51%,0.019110937466203,0.0253875584784751,0.1205469732302413,0.0682716847878411,7.710100231303006
BRFS3,23.72,12.21,2.41,0.685,2.97%,0.66,4.56,6.87,-2.75,8.37,5.26,9.98%,6.14%,1.45,16.55%,19.77%,1.9426699426699425,12.21,16530000000.0,1.18,11.07%,0.0186722025907832,0.0315369006435498,0.1176497342388354,0.1418809978945147,8.19000819000819
NEOE3,19.06,6.16,0.71,0.493,3.53%,0.218,8.09,2.29,-0.46,6.53,5.11,21.57%,8.12%,1.14,10.71%,11.54%,3.0941558441558437,6.16,32534000000.0,1.56,10.80%,0.0180873334682887,0.0190391149080286,0.1137971939481239,-0.0233666795867112,16.233766233766232
LOGG3,18.83,5.21,0.45,7.825,13.93%,0.247,4.31,11.12,-0.96,21.53,20.8,70.39%,150.20%,1.45,2.39%,8.54%,3.6142034548944335,5.21,3715340000.0,0.53,13.85%,0.0169338143159771,0.0311887141065591,0.1062313927391489,0.1330912673634489,19.193857965451055
GGPS3,14.88,14.93,2.92,0.742,2.13%,0.694,2.28,9.17,-3.04,10.98,8.29,8.09%,5.02%,2.33,10.17%,19.58%,0.9966510381781648,14.93,3435580000.0,1.51,25.06%,0.0165764322163592,0.0219500213688351,0.1038960764571428,0.0411732067743372,6.697923643670461
RENT3,32.0,20.61,1.35,0.981,4.92%,0.419,19.99,6.18,-0.93,11.82,5.76,15.87%,4.76%,1.1,8.92%,6.56%,1.5526443474041727,20.61,25638700000.0,1.68,40.21%,0.0165637455321947,0.028442984746431,0.1038132508155091,0.1010850286277896,4.85201358563804
PTNT3,7.96,13.95,0.96,0.489,3.40%,0.37,0.98,14.62,6.68,18.65,8.14,3.34%,5.30%,2.84,3.98%,6.85%,0.5706093189964158,13.95,400258000.0,1.02,9.35%,0.0148580529881743,0.0384562707043961,0.0927246215844914,0.1870050201891881,7.168458781362006
CPFE3,31.82,6.68,1.8,0.889,8.65%,0.485,22.75,3.28,-0.98,5.49,4.67,27.16%,13.38%,1.11,16.52%,26.87%,4.763473053892215,6.68,20423100000.0,1.4,7.47%,0.0146259906497285,0.0181707435408553,0.0912231976824458,-0.0562261995640505,14.97005988023952
TUPY3,21.83,9.42,0.85,0.292,8.25%,0.278,0.79,3.41,-7.73,5.95,4.22,8.55%,3.07%,2.23,11.93%,9.01%,2.3174097664543525,9.42,3708660000.0,1.22,28.56%,0.0090375959301824,0.0234889730881933,0.0555826122343519,0.0148545607726967,10.615711252653929
CYRE3,16.85,4.62,0.72,0.902,3.69%,0.331,0.82,5.25,4.72,7.22,6.85,17.18%,21.37%,3.45,7.57%,15.65%,3.6471861471861473,4.62,8944690000.0,0.61,15.41%,0.0089163758646071,0.031264014610216,0.0548204090631958,0.121912080258201,21.645021645021643
RECV3,16.36,8.11,1.05,1.544,16.81%,0.623,4.85,5.75,-4.24,6.0,3.26,26.87%,19.03%,1.98,14.04%,12.94%,2.0172626387176327,8.11,4574390000.0,0.38,11.88%,0.0087940721123955,0.0289808049935828,0.0540518569762402,0.1039521021785848,12.330456226880395
BSLI4,8.46,18.7,1.17,0.0,59.10%,0.0,0.0,0.0,0.0,0.0,0.0,0.00%,0.00%,0.0,0.00%,6.27%,0.4524064171122995,18.7,2868640000.0,0.0,5.93%,0.0082967733175354,0.0351639418930859,0.0509316568568529,2.170209068802716,5.347593582887701
INEP3,1.37,0.12,-0.04,14.159,0.00%,0.059,-0.06,-0.97,-0.03,-15.53,-17.35,-1461.87%,11812.40%,0.08,-6.53%,-36.90%,11.416666666666668,0.12,-1377160000.0,-0.66,-9.09%,0.0082637410861556,0.055264640401064,0.0507246758651891,0.3390561515781718,833.3333333333334
LEVE3,26.62,6.17,3.25,0.848,8.87%,1.103,3.18,4.48,-66.48,5.13,4.56,18.93%,13.74%,2.16,33.91%,52.72%,4.314424635332253,6.17,1109300000.0,0.92,16.79%,0.0065641833083345,0.0254617610818849,0.0401209514605884,0.0397907457098599,16.207455429497568
RAPT4,9.55,9.09,1.02,0.28,3.81%,0.226,0.81,2.4,-2.25,5.52,4.42,11.70%,5.49%,1.9,12.13%,11.24%,1.0506050605060506,9.09,3079520000.0,1.94,21.63%,0.0064017238908202,0.0270525623658685,0.0391120384848899,0.0621697362713519,11.001100110011
EGIE3,35.58,6.98,2.69,2.724,7.50%,0.602,189.01,5.38,-1.0,8.88,7.47,50.63%,39.04%,1.02,12.55%,38.51%,5.097421203438395,6.98,10797400000.0,2.13,-3.05%,0.005430748367543,0.0148513432936459,0.0330990359788307,-0.1681877057238728,14.326647564469914
TRIS3,4.51,5.87,0.59,0.695,4.38%,0.305,0.54,6.68,1.03,11.03,9.58,10.40%,12.16%,3.86,5.48%,10.00%,0.7683134582623509,5.87,1434590000.0,0.65,8.88%,0.0053431687351599,0.0330606723672101,0.0325581070408433,0.1365176030932656,17.035775127768314
VALE3,52.05,4.9,1.13,1.119,10.28%,0.488,-31.58,2.97,-1.23,3.62,3.01,37.69%,22.87%,0.91,18.51%,23.14%,10.622448979591836,4.9,208555000000.0,0.37,0.44%,0.0047292286134956,0.0241299456537102,0.0287727777708504,0.01468639375411,20.40816326530612
PLPL3,9.25,5.56,2.24,0.738,5.46%,0.764,1.14,2.76,3.25,2.61,2.53,26.71%,14.58%,4.42,44.22%,40.32%,1.6636690647482015,5.56,841408000.0,0.7,28.06%,0.0032991103443076,0.0337154562712146,0.0200000339084205,0.1392816075946159,17.98561151079137
TGMA3,28.45,7.96,2.11,0.978,9.53%,1.458,4.22,6.51,6.3,6.17,5.67,15.03%,12.32%,2.8,29.84%,26.44%,3.5741206030150754,7.96,892007000.0,0.19,17.01%,0.0029866317630393,0.0269638098682727,0.0180915295927581,0.0514568242534324,12.562814070351761
ISAE3,31.5,6.27,1.05,2.909,0.00%,0.511,4.72,4.67,-1.5,6.71,6.66,62.23%,47.17%,2.98,11.70%,16.77%,5.023923444976077,6.27,19724700000.0,0.59,13.83%,0.0014429454432776,0.0136229196596542,0.0087068834495591,0.0645617643009039,15.94896331738437
LUXM3,10.0,14.81,1.59,1.579,0.00%,1.167,203.17,11.15,-7.91,11.02,6.26,14.16%,10.66%,1.05,11.25%,10.76%,0.675219446320054,14.81,130398000.0,0.05,5.23%,2.974122421672831e-07,4.6262167547404106e-08,1.788139001979161e-06,-99265.76273090826,6.75219446320054
FIBR3,66.3,12.03,2.59,2.01,7.59%,0.899,9.59,5.13,-2.54,7.17,5.29,39.18%,16.75%,1.46,22.95%,21.57%,5.511221945137157,12.03,14149000000.0,1.46,22.71%,0.0,,0.0,,8.31255195344971
SJOS4,0.09,0.14,-0.01,1.335,0.00%,0.391,-0.01,-1.56,-0.01,-33.0,-33.0,-85.82%,931.87%,0.02,1.90%,-4.64%,0.6428571428571428,0.14,-182729000.0,-0.14,-15.35%,0.0,0.0,0.0,,714.2857142857142
DAGB33,375.0,71.75,1.6,0.64,0.00%,0.51,15.24,11.87,-1.27,19.35,30.65,5.39%,1.67%,1.17,4.96%,2.24%,5.2264808362369335,71.75,12597300000.0,1.18,32.08%,0.0,,0.0,,1.3937282229965158
BOBR3,1.0,3.57,275.96,0.169,0.00%,0.283,-15.43,1.28,-0.61,2.56,2.26,13.24%,4.73%,0.97,33.33%,7721.50%,0.2801120448179272,3.57,944000.0,400.27,10.55%,0.0,0.0,0.0,,28.011204481792717
FIGE4,38.01,7.93,0.53,0.0,0.13%,0.0,0.0,0.0,0.0,0.0,0.0,0.00%,0.00%,0.0,0.00%,6.71%,4.793190416141235,7.93,168814000.0,0.0,19.77%,0.0,0.0,0.0,,12.610340479192939
SULT3,0.56,0.11,0.01,0.039,0.00%,0.003,-0.02,-5.61,-0.01,-6.05,-7.83,-0.70%,36.96%,0.23,-0.06%,13.51%,5.090909090909092,0.11,493032000.0,0.0,17.68%,0.0,0.0,0.0,,909.0909090909091
SULT4,0.43,0.08,0.01,0.03,0.00%,0.003,-0.01,-4.31,0.0,-4.75,-6.14,-0.70%,36.96%,0.23,-0.06%,13.51%,5.375,0.08,493032000.0,0.0,17.68%,0.0,0.0,0.0,,1250.0
VALE5,33.36,3.14,0.73,0.717,0.00%,0.313,-20.24,1.9,-0.79,2.56,2.13,37.69%,22.87%,0.91,18.51%,23.14%,10.62420382165605,3.14,208555000000.0,0.37,0.44%,0.0,0.0,0.0,,31.84713375796178
SJOS3,1.19,1.89,-0.09,17.654,0.00%,5.171,-0.09,-20.57,-0.09,-52.02,-52.02,-85.82%,931.87%,0.02,1.90%,-4.64%,0.6296296296296297,1.89,-182729000.0,-0.14,-15.35%,0.0,0.0,0.0,,52.91005291005292
APTI4,3500.0,1.28,0.25,1.762,0.00%,0.134,0.34,-86.93,-3.46,-80.41,66.72,-2.03%,137.83%,10.73,-0.18%,19.70%,2734.375,1.28,264031000.0,0.22,17.95%,0.0,0.0,0.0,,78.125
COCE6,35.0,9.36,0.54,0.328,0.00%,0.199,-1.19,2.0,-0.46,5.84,4.02,16.39%,3.50%,0.55,10.96%,5.77%,3.7393162393162394,9.36,5043900000.0,1.07,9.76%,0.0,0.0,0.0,,10.683760683760683
CORR3,12.0,0.04,0.06,0.834,0.00%,0.017,0.03,-0.08,0.42,3.33,3.38,-1057.66%,2141.14%,4.25,-85.44%,152.84%,300.0,0.04,4665000.0,0.0,-42.09%,0.0,0.0,0.0,,2500.0
BEEF3,4.94,2264.12,4.03,0.102,0.00%,0.083,0.26,1.39,-0.3,5.49,4.34,7.33%,0.08%,1.92,14.99%,0.18%,0.002181863152129746,2264.12,744206000.0,34.52,10.73%,-0.0011734223775968,0.0280758561154107,-0.0070342765380932,0.0583147789733722,0.044167270286027245
DEXP4,8.24,5.51,0.95,0.517,8.36%,0.594,1.28,5.93,2.2,5.09,4.22,8.71%,10.31%,3.61,15.01%,17.16%,1.4954627949183303,5.51,952856000.0,0.28,15.90%,-0.0022749411481215,0.0665896524027695,-0.0135999303283649,0.2641013096915021,18.148820326678766
BBAS3,24.25,3.93,0.78,0.0,10.75%,0.0,0.0,0.0,0.0,0.0,0.0,0.00%,0.00%,0.0,0.00%,19.90%,6.1704834605597965,3.93,177681000000.0,0.0,28.65%,-0.002340874165105,0.0226296986677658,-0.0139917762659588,-0.0290182269332119,25.44529262086514
CSMG3,20.84,5.66,1.01,1.007,13.30%,0.516,7.17,3.53,-1.62,5.8,4.28,28.50%,17.80%,1.73,16.10%,17.80%,3.6819787985865724,5.66,7866590000.0,0.78,10.30%,-0.0036836108994642,0.0228867654969014,-0.0219435978467212,-0.0281968996184054,17.6678445229682
ENGI11,37.64,6.96,1.06,0.535,2.66%,0.233,5.95,2.51,-0.5,6.07,4.82,21.27%,10.07%,1.18,11.06%,15.26%,5.408045977011494,6.96,16229300000.0,2.06,11.27%,-0.0046944876707851,0.0196596163054096,-0.0278947729813421,-0.091874730962188,14.367816091954023
PRNR3,13.39,342.42,1.89,0.65,0.54%,0.524,2.82,10.02,-2.75,14.19,8.13,6.48%,0.31%,1.56,6.64%,0.55%,0.039104024297646166,342.42,330381000.0,1.37,43.00%,-0.0049005932221614,0.0311975992830851,-0.0291044328918533,0.087368588837147,0.2920390164125927
BIED3,4.77,874.19,1.04,0.351,0.00%,0.207,-2.2,-14.1,-0.37,-27.03,28.92,-2.49%,0.04%,0.67,-1.48%,0.12%,0.005456479712648279,874.19,121583000.0,0.97,22.68%,-0.0057441870680355,0.0453336069876226,-0.0340425221074897,-0.1569840669956272,0.11439160823162012
TFCO4,8.8,12.26,3.04,1.767,2.56%,1.892,4.02,9.05,5.83,9.52,8.68,19.52%,14.41%,3.03,25.04%,24.80%,0.7177814029363785,12.26,453573000.0,0.26,24.16%,-0.0067667235912783,0.0253603175896568,-0.0399999876280091,-0.0058997961362523,8.156606851549755
GEPA3,31.0,32.35,0.0,8.195,19.33%,0.0,0.0,33.38,0.0,33.38,21.98,24.55%,25.33%,0.0,0.00%,0.00%,0.9582689335394127,32.35,0.0,0.0,-24.13%,-0.007828538647834,0.0223890630882784,-0.0461538461538488,-0.049775211601436,3.091190108191654
LAND3,13.71,49.4,1.81,18.496,0.63%,1.424,-38.21,36.53,-7.66,38.8,35.35,50.63%,37.44%,0.44,3.94%,3.67%,0.27753036437246964,49.4,727517000.0,0.13,-22.29%,-0.0094016509245093,0.0219855957197551,-0.0552105040283984,-0.084120322383881,2.0242914979757085
ISAE4,23.38,4.66,0.78,2.159,0.00%,0.379,3.5,3.47,-1.12,5.5,5.46,62.23%,47.17%,2.98,11.70%,16.77%,5.017167381974248,4.66,19724700000.0,0.59,13.83%,-0.0099404587211939,0.013541818919355,-0.0582959749346556,-2.303549392842123,21.459227467811157
CSAN3,8.38,7.0,0.79,0.375,5.41%,0.108,1.07,1.89,-0.24,8.37,4.69,19.82%,10.40%,1.86,6.58%,11.22%,1.1971428571428573,7.0,19923800000.0,3.42,34.19%,-0.0122008160288277,0.0239001277319909,-0.0711484835082727,-0.0344760818550963,14.285714285714285
WHRL3,3.95,10.55,2.38,0.474,9.61%,0.613,12.53,6.37,-17.49,4.53,3.71,7.44%,4.51%,1.07,33.44%,22.52%,0.3744075829383886,10.55,2499280000.0,0.37,6.71%,-0.0126409806029224,0.0247988662971169,-0.0736341900167759,-0.0203277622515138,9.47867298578199
HETA4,6.3,4.0,-0.01,0.772,0.00%,0.22,-4.17,0.86,-0.01,88.24,88.24,89.30%,19.30%,0.84,25.49%,-0.23%,1.575,4.0,-351178000.0,-0.92,31.09%,-0.0131045960446793,0.0697766136691625,-0.0762463295950102,0.3793905538065519,25.0
SAPR3,5.32,5.37,0.76,1.188,5.40%,0.399,5.68,3.41,-1.28,5.45,4.44,34.78%,22.12%,1.75,12.99%,14.18%,0.9906890130353818,5.37,10557300000.0,0.61,8.63%,-0.0131529803044651,0.0247636985600738,-0.076518585872391,-0.0222131256436237,18.6219739292365
TPIS3,5.52,2.85,0.26,0.186,4.18%,0.088,-1.07,0.72,-0.15,4.63,2.94,25.90%,6.60%,0.45,13.11%,9.02%,1.9368421052631577,2.85,943308000.0,1.47,4.73%,-0.013438707704783,0.042668109305671,-0.0781249988358411,0.1982496404856889,35.08771929824561
JOPA3,21.0,6.39,0.37,0.101,2.06%,0.1,0.31,1.67,1.38,5.9,5.33,6.06%,1.80%,1.81,8.38%,5.76%,3.286384976525822,6.39,603799000.0,1.89,9.54%,-0.0150169966467956,0.0279960863218927,-0.0869565217391304,0.018415377425366,15.64945226917058
EVEN3,5.61,9.91,0.6,0.388,16.09%,0.212,0.35,2.48,1.04,3.5,3.46,15.66%,10.11%,3.82,10.28%,6.09%,0.5660948536831484,9.91,1860320000.0,0.69,12.89%,-0.0155667985423354,0.0327150611757599,-0.0900163958619248,0.0909396346458092,10.090817356205854
REDE3,6.35,8.58,3.26,0.772,9.19%,0.449,19.51,3.26,-0.86,6.07,5.03,23.66%,12.51%,1.09,16.14%,38.01%,0.7400932400932401,8.58,4108030000.0,3.51,10.63%,-0.0166799071017895,0.0229609430905775,-0.0961851347582082,-0.0748018194874959,11.655011655011656
SBFG3,11.85,5.48,0.97,0.407,1.46%,0.343,1.56,4.66,-3.29,8.16,4.91,8.73%,7.42%,1.68,9.35%,17.65%,2.1624087591240873,5.48,2990420000.0,0.98,26.40%,-0.016929028992299,0.0374943929648792,-0.0975609585899818,0.1492158038123796,18.24817518248175
ENGI4,6.75,6.24,0.95,0.479,2.96%,0.209,5.34,2.25,-0.45,5.81,4.61,21.27%,10.07%,1.18,11.06%,15.26%,1.0817307692307692,6.24,16229300000.0,2.06,11.27%,-0.0177171784331499,0.0266842931117442,-0.101902172064483,-0.0025275774315573,16.025641025641026
ITSA4,8.88,6.86,1.11,11.861,7.14%,0.861,11.54,138.36,-12.53,144.4,50.13,8.57%,175.63%,2.61,0.68%,16.24%,1.2944606413994169,6.86,86463000000.0,0.15,7.65%,-0.0190873416455915,0.0176048085331085,-0.1094077388004928,-0.1909541419883878,14.577259475218657
IGTI3,2.09,11.62,1.03,3.675,2.69%,0.526,3.5,6.8,-2.1,9.74,7.59,54.08%,31.66%,2.69,9.57%,8.87%,0.17986230636833048,11.62,4263750000.0,0.82,16.18%,-0.0199362025196789,0.0297165868660622,-0.1140313934307881,0.0379427194007275,8.605851979345957
ITUB3,27.75,7.25,1.4,0.0,8.70%,0.0,0.0,0.0,0.0,0.0,0.0,0.00%,0.00%,0.0,0.00%,19.32%,3.8275862068965516,7.25,194138000000.0,0.0,95.01%,-0.0237471042058068,0.017779768448413,-0.1345431589561485,-0.2016621342406341,13.793103448275861
CCRO3,10.47,13.35,1.57,0.971,3.98%,0.358,3.4,3.63,-0.65,8.04,6.25,26.77%,8.25%,1.98,11.78%,11.73%,0.7842696629213484,13.35,13510200000.0,2.55,20.69%,-0.024302646918484,0.0243736263317972,-0.1374999682108585,-0.0610304675089579,7.490636704119851
BRAV3,23.94,21.52,0.99,1.288,0.83%,0.308,2.21,5.94,-0.71,11.53,6.96,21.68%,6.08%,2.19,6.73%,4.59%,1.1124535315985131,21.52,11245700000.0,1.49,139.92%,-0.0246011354777786,0.0396684369068393,-0.1390851564153585,-0.5206033288074493,4.646840148698885
IGTI11,17.35,13.78,1.22,4.358,2.27%,0.624,4.15,8.06,-2.49,11.0,8.57,54.08%,31.66%,2.69,9.57%,8.87%,1.2590711175616838,13.78,4263750000.0,0.82,16.18%,-0.0269576904766153,0.0207940030791408,-0.1515150837163856,-0.216997256481695,7.25689404934688
ITUB4,31.5,8.23,1.59,0.0,7.66%,0.0,0.0,0.0,0.0,0.0,0.0,0.00%,0.00%,0.0,0.00%,19.32%,3.8274605103280677,8.23,194138000000.0,0.0,95.01%,-0.0281674669529402,0.0195966392937896,-0.1578378419618366,-0.1710222965761524,12.150668286755769
WHRL4,4.29,11.45,2.58,0.514,9.73%,0.666,13.61,6.92,-19.0,5.08,4.16,7.44%,4.51%,1.07,33.44%,22.52%,0.37467248908296946,11.45,2499280000.0,0.37,6.71%,-0.0283567454034294,0.0243039953384732,-0.158823521161987,-0.0699183990914641,8.733624454148472
MULT3,20.85,9.57,1.47,4.968,5.25%,0.874,13.22,6.98,-3.91,8.39,7.71,71.13%,51.91%,1.56,14.45%,15.41%,2.1786833855799372,9.57,7340750000.0,0.49,20.00%,-0.0286045163344538,0.0247508286054103,-0.1601123498757086,-0.0634625420316834,10.44932079414838
PNVL3,8.76,12.72,1.1,0.273,3.83%,0.407,1.84,8.37,-11.42,14.37,6.21,3.26%,2.15%,1.6,6.54%,8.66%,0.6886792452830188,12.72,1195570000.0,0.96,14.52%,-0.0289555445613675,0.0235677948928601,-0.1619354728555845,-0.0897331022747132,7.861635220125786
CORR4,82.0,0.27,0.41,5.701,0.00%,0.118,0.2,-0.54,2.84,2.87,2.91,-1057.66%,2141.14%,4.25,-85.44%,152.84%,303.7037037037037,0.27,4665000.0,0.0,-42.09%,-0.029195514762732,0.0085923278646494,-0.1631798980748994,-0.7035158407960671,370.3703703703704
ITSA3,9.06,7.0,1.14,12.102,7.00%,0.878,11.77,141.17,-12.78,147.21,51.1,8.57%,175.63%,2.61,0.68%,16.24%,1.2942857142857143,7.0,86463000000.0,0.15,7.65%,-0.0296819558638571,0.015149910981794,-0.1656977335989498,-0.3098560089068521,14.285714285714285
ODPV3,10.53,10.79,4.55,2.638,13.74%,2.52,-30.93,9.67,-18.52,8.66,7.99,27.27%,24.45%,0.79,36.57%,42.17%,0.9759036144578314,10.79,1278650000.0,0.0,5.99%,-0.0298095511357678,0.0209012062758524,-0.1663571244025736,-0.1457468782425431,9.267840593141798
ALOS3,18.14,12.87,0.71,3.606,8.76%,0.332,2.64,7.82,-1.21,3.19,2.13,46.10%,32.02%,2.23,5.31%,5.49%,1.4094794094794096,12.87,13944600000.0,0.0,36.40%,-0.0316830304322902,0.0147006409140575,-0.1759890392071607,-0.8903255052168887,7.770007770007771
LAVV3,7.2,4.62,1.0,1.168,9.51%,0.528,0.83,5.63,1.33,5.29,5.27,20.77%,26.57%,4.83,12.07%,21.56%,1.5584415584415585,4.62,1441380000.0,0.32,24.74%,-0.0350372925569295,0.0247893911438575,-0.1930022153015631,-0.1158628659861675,21.645021645021643
TEND3,12.65,23.79,1.65,0.488,1.35%,0.316,4.64,4.79,-0.92,6.34,5.24,10.19%,1.83%,1.17,8.19%,6.92%,0.5317360235393023,23.79,946012000.0,1.31,8.59%,-0.0365238785147284,0.0388217146762275,-0.2004481187857892,0.1281513428137161,4.203446826397647
CAML3,5.77,4.52,0.59,0.171,5.08%,0.167,0.5,2.7,-2.03,7.9,5.85,6.31%,3.77%,2.11,9.02%,12.98%,1.2765486725663717,4.52,3440300000.0,1.9,15.36%,-0.0375349384034372,0.0233124782988263,-0.2054794466860128,-0.1176754869289813,22.123893805309734
VIVA3,18.96,8.99,1.96,1.834,1.97%,1.241,3.01,9.25,4.84,9.08,6.83,19.83%,20.40%,2.96,15.96%,21.83%,2.1090100111234706,8.99,2282180000.0,0.1,25.66%,-0.0378236047324946,0.0319980924812549,-0.2069110805785291,0.0253324131461738,11.123470522803116
GEPA4,30.38,31.7,0.0,8.031,19.73%,0.0,0.0,32.71,0.0,32.71,21.54,24.55%,25.33%,0.0,0.00%,0.00%,0.9583596214511041,31.7,0.0,0.0,-24.13%,-0.0418664472856051,0.0179233062518977,-0.226736597114189,-0.2657474819783952,3.1545741324921135
BALM4,10.51,5.19,0.63,0.577,6.83%,0.383,0.82,3.93,1.16,2.01,1.68,14.70%,8.13%,2.82,13.87%,12.16%,2.02504816955684,5.19,163039000.0,0.11,6.03%,-0.0462308678154672,0.0325570724984369,-0.2476735842527549,0.0207889746334488,19.26782273603083
LIPR3,42.0,21.0,2.11,0.0,0.93%,2.066,6.97,-71.13,7.37,-61.29,-61.29,0.00%,0.00%,87.6,-4.07%,10.03%,2.0,21.0,234462000.0,0.0,0.00%,-0.0467220500685252,0.020654286218945,-0.2500000000000001,-0.2079092320655326,4.761904761904762
EQMA3B,23.5,5.07,0.96,0.627,10.13%,0.387,31.57,2.81,-1.09,4.92,4.08,22.32%,12.37%,1.05,15.68%,18.85%,4.6351084812623276,5.07,4032650000.0,0.88,10.87%,-0.0500543163832269,0.017669383169059,-0.2656249999999991,-0.3027485275398424,19.723865877712033
WIZC3,5.32,4.73,1.42,0.674,4.63%,0.34,-5.46,1.33,-1.2,1.46,1.22,50.82%,24.55%,0.77,31.37%,29.99%,1.124735729386892,4.73,599193000.0,0.57,13.02%,-0.0505779666029344,0.0314806216678872,-0.2680555388147451,0.0001847974980503,21.141649048625787
HAGA4,1.22,3.42,-0.28,0.496,0.00%,0.22,0.43,-10.14,-0.25,6.83,28.97,-4.89%,14.50%,2.34,-7.44%,-8.28%,0.3567251461988304,3.42,-51269500.0,-0.4,-1.48%,-0.051711077404699,0.0389959564713656,-0.2732919585782465,0.0918475451870164,29.239766081871345
LUPA3,1.26,0.92,0.44,0.444,0.00%,0.116,3.51,-4.5,-0.24,-16.77,-32.18,-9.87%,48.48%,1.14,-2.72%,48.27%,1.3695652173913042,0.92,120155000.0,1.29,9.57%,-0.0563272457703172,0.052745901985908,-0.2943029708970059,0.2279267852278686,108.69565217391303
ABEV3,11.54,13.04,1.85,2.207,5.79%,1.235,25.98,10.34,-31.74,9.35,6.9,21.33%,17.41%,1.2,16.39%,14.21%,0.8849693251533742,13.04,98140400000.0,0.03,10.04%,-0.0578067151890532,0.0186861737656179,-0.3009287784193475,-0.300364877800743,7.668711656441718
AHEB6,41.0,2.45,2.19,0.49,0.00%,0.679,1.73,2.26,-7.7,1.81,1.73,21.72%,20.02%,2.89,38.05%,89.31%,16.73469387755102,2.45,160224000.0,0.03,63.72%,-0.05911563234257,0.0321780290858606,-0.3067474496714989,-0.0128978733334397,40.816326530612244
GMAT3,6.22,10.59,1.51,0.453,3.06%,0.781,2.45,7.33,5.76,8.97,7.58,6.17%,4.32%,2.09,13.40%,14.23%,0.5873465533522191,10.59,9274760000.0,0.41,26.87%,-0.0613426744316073,0.0250125960602218,-0.3165547628300423,-0.2159220712349149,9.442870632672333
BOBR4,1.93,6.9,532.61,0.326,0.00%,0.545,-29.78,2.46,-1.19,3.75,3.31,13.24%,4.73%,0.97,33.33%,7721.50%,0.2797101449275362,6.9,944000.0,400.27,10.55%,-0.0615628970860543,0.0286754716702478,-0.3175182488103252,-0.0819675184430967,14.492753623188406
VBBR3,18.02,2.2,0.99,0.117,8.71%,0.424,1.37,3.97,-7.63,5.84,5.26,2.96%,5.33%,2.5,13.58%,44.82%,8.19090909090909,2.2,20424000000.0,0.84,20.31%,-0.0623962250923457,0.0247232811317079,-0.3211538608257603,-0.1558627089026965,45.454545454545446
BGIP3,24.87,3.29,0.64,0.0,8.04%,0.0,0.0,0.0,0.0,0.0,0.0,0.00%,0.00%,0.0,0.00%,19.29%,7.5592705167173255,3.29,764112000.0,0.0,2.84%,-0.0632395932343979,0.0210345492658429,-0.3248168224086114,-0.2554745368724538,30.3951367781155
BGIP4,24.0,3.18,0.61,0.0,9.16%,0.0,0.0,0.0,0.0,0.0,0.0,0.00%,0.00%,0.0,0.00%,19.29%,7.547169811320754,3.18,764112000.0,0.0,2.84%,-0.0648091511832679,0.0282876803560304,-0.3315899484830883,-0.0899646669981421,31.446540880503143
COCE3,26.01,6.96,0.4,0.244,3.57%,0.148,-0.88,1.49,-0.35,5.33,3.66,16.39%,3.50%,0.55,10.96%,5.77%,3.7370689655172415,6.96,5043900000.0,1.07,9.76%,-0.0686962006876699,0.020408813540773,-0.3481203199450526,-0.2862409087058806,14.367816091954023
INTB3,12.5,6.98,1.44,0.884,3.90%,0.689,1.77,7.63,2.86,7.34,6.25,11.60%,12.64%,2.05,16.97%,20.62%,1.7908309455587392,6.98,2844150000.0,0.34,16.34%,-0.0696194001348101,0.0236939854643738,-0.3519958835285366,-0.304910207099771,14.326647564469914
FLRY3,12.24,10.92,1.25,0.887,5.71%,0.514,3.16,5.6,-2.09,8.06,4.91,15.84%,8.06%,1.93,11.78%,11.48%,1.120879120879121,10.92,5342600000.0,0.97,27.78%,-0.0700328026147419,0.021036963487446,-0.3537250973740317,-0.271189574915367,9.157509157509157
LWSA3,3.45,142.01,0.69,1.437,2.20%,0.486,7.24,16.97,14.64,13.57,6.44,8.46%,1.01%,1.25,3.27%,0.49%,0.024294063798324064,142.01,2800760000.0,0.03,31.96%,-0.0704196697233444,0.0425832605553844,-0.3553398307255918,0.0945759023397085,0.7041757622702627
HAGA3,1.87,5.24,-0.43,0.76,0.00%,0.338,0.67,-15.54,-0.38,1.43,6.05,-4.89%,14.50%,2.34,-7.44%,-8.28%,0.3568702290076336,5.24,-51269500.0,-0.4,-1.48%,-0.0735838843338271,0.0473327294800902,-0.3684210482286514,0.1371454679701303,19.083969465648853
SYNE3,5.33,1.65,0.52,0.583,122.91%,0.214,0.76,1.57,-5.9,1.89,1.63,37.24%,44.92%,11.34,16.74%,31.25%,3.2303030303030305,1.65,1573570000.0,0.54,21.71%,-0.0738694581490525,0.0393832371477524,-0.3695906729538512,0.1028846058972489,60.60606060606061
GRND3,5.33,7.31,1.25,1.901,7.68%,1.126,1.94,10.72,1.96,8.21,7.06,17.74%,26.00%,7.23,14.98%,17.07%,0.7291381668946649,7.31,3854390000.0,0.02,8.16%,-0.0751218523775004,0.02227561554652,-0.3746988026561786,-0.2520296827165265,13.679890560875515
UCAS3,1.82,9.45,0.61,0.544,19.96%,0.324,3.52,43.17,-1.83,62.06,12.56,1.26%,5.76%,1.46,0.89%,6.46%,0.19259259259259262,9.45,197051000.0,0.5,10.13%,-0.0757289866007782,0.030358854806995,-0.3771626688657293,-0.0768017265688224,10.582010582010582
SOJA3,10.09,6.06,1.05,0.791,2.95%,0.477,1.13,7.03,1.42,6.47,6.05,11.26%,17.12%,2.67,9.19%,17.24%,1.665016501650165,6.06,1305840000.0,0.29,25.96%,-0.075880879504748,0.0226590795808279,-0.3777778117908479,-0.3845486387712586,16.5016501650165
BRBI11,12.55,6.77,1.56,3.719,15.54%,0.102,1.74,49.08,1.74,2.21,1.72,7.58%,54.93%,1.06,27.86%,22.99%,1.8537666174298377,6.77,846571000.0,13.68,-50.69%,-0.0771572282985136,0.0256432454338991,-0.3829268478765739,-0.3206829981566944,14.771048744460858
BRSR5,14.8,6.47,0.59,0.0,6.85%,0.0,0.0,0.0,0.0,0.0,0.0,0.00%,0.00%,0.0,0.00%,9.12%,2.287480680061824,6.47,10254100000.0,0.0,7.55%,-0.0772583640609636,0.0262860611693143,-0.3833333253860463,-0.1626305756640424,15.455950540958272
BMOB3,13.57,9.76,1.0,0.804,4.74%,0.77,1.72,10.8,1.87,5.5,3.46,7.44%,8.28%,3.28,13.16%,10.29%,1.3903688524590165,9.76,1156550000.0,0.0,59.14%,-0.0791246552251423,0.0252452037759411,-0.3907942196318834,-0.3028151843456713,10.245901639344263
SANB4,12.75,8.22,1.08,0.0,6.62%,0.0,0.0,0.0,0.0,0.0,0.0,0.00%,0.00%,0.0,0.00%,13.15%,1.5510948905109487,8.22,88425200000.0,0.0,4.36%,-0.0793792028368568,0.0218371685288505,-0.3918059702000971,-0.2798788440067547,12.1654501216545
JSLG3,5.72,6.36,0.88,0.188,7.35%,0.128,0.8,1.55,-0.27,7.19,4.66,12.11%,2.95%,1.74,10.52%,13.84%,0.8993710691823898,6.36,1860190000.0,4.51,32.69%,-0.0802237595216094,0.0281102826049877,-0.3951528019434447,-0.205312190859475,15.723270440251572
VAMO3,4.75,7.4,0.99,0.73,5.77%,0.206,1.46,1.99,-0.44,6.28,4.84,36.60%,9.87%,1.78,13.56%,13.35%,0.6418918918918919,7.4,5199350000.0,2.92,50.92%,-0.0822255694752644,0.0308273922298955,-0.4030243481697423,-0.1764196342236803,13.513513513513514
DXCO3,6.03,14.69,0.75,0.609,1.95%,0.266,2.74,5.39,-0.77,10.8,4.47,11.30%,4.28%,1.49,6.04%,5.10%,0.4104833219877468,14.69,6607770000.0,1.08,7.65%,-0.085305115980111,0.0291975919170271,-0.4149669368760118,-0.1191105110116552,6.8073519400953035
VITT3,5.21,11.14,1.28,1.012,3.25%,0.867,2.22,11.21,3.06,13.18,10.11,9.03%,9.07%,2.81,8.58%,11.50%,0.4676840215439856,11.14,611392000.0,0.32,0.92%,-0.0865925968415961,0.0276519149259847,-0.4199004381028264,-0.3244205431984678,8.97666068222621
HYPE3,18.01,7.27,0.93,1.467,6.48%,0.441,2.89,5.2,-2.35,8.43,7.49,28.19%,20.06%,1.81,9.84%,12.84%,2.4773039889958737,7.27,12214800000.0,0.84,19.69%,-0.0869300497078238,0.02204728527203,-0.4211877718316248,-0.2971602002329765,13.75515818431912
MDNE3,10.79,3.81,0.59,0.617,6.02%,0.23,0.79,3.33,-1.57,3.56,3.43,18.54%,16.15%,2.71,7.99%,15.46%,2.8320209973753276,3.81,1553810000.0,0.31,35.06%,-0.0870439198044285,0.0373851051403117,-0.4216216319316127,-0.0093924091247915,26.246719160104988
SMFT3,17.89,11.58,1.99,2.028,2.94%,0.64,6.18,9.12,-1.46,11.04,5.11,22.25%,17.64%,1.75,8.82%,17.22%,1.5449050086355787,11.58,5259470000.0,0.98,33.09%,-0.0921082433771858,0.0283864730235082,-0.440645156368133,-0.3119554206927228,8.635578583765112
AZZA3,31.32,12.19,0.82,1.01,2.76%,0.434,2.23,11.32,-15.6,14.28,9.29,8.93%,8.24%,1.78,4.62%,6.75%,2.5693191140278917,12.19,7865410000.0,0.31,44.31%,-0.0940116087262206,0.02613451954551,-0.447658678746427,-0.2095662314499351,8.203445447087777
SANB11,24.37,7.86,1.03,0.0,6.61%,0.0,0.0,0.0,0.0,0.0,0.0,0.00%,0.00%,0.0,0.00%,13.15%,3.100508905852417,7.86,88425200000.0,0.0,4.36%,-0.0956020290003248,0.0211089657143557,-0.453462693996476,-0.3541940274186462,12.72264631043257
CMIN3,4.78,6.77,2.93,1.526,16.15%,0.761,3.6,4.76,-2.94,3.72,3.08,32.04%,22.53%,1.78,30.62%,43.27%,0.706056129985229,6.77,8945330000.0,0.98,-2.60%,-0.0976079447475781,0.026459380354466,-0.4607104144828728,-0.3480303545377912,14.771048744460858
RSID3,2.94,0.21,-0.06,0.697,0.00%,0.117,-0.19,-5.0,-0.05,-34.88,-35.34,-13.95%,328.47%,0.45,-2.51%,-28.42%,14.0,0.21,-972057000.0,-0.39,2.20%,-0.0989236334654213,0.0410342904821375,-0.4654205708266752,0.045788170410383,476.1904761904762
EQPA6,8.0,8.52,3.64,1.647,9.50%,1.032,9.1,5.91,-3.03,6.83,5.99,27.88%,19.33%,1.43,23.41%,42.67%,0.9389671361502347,8.52,4861470000.0,1.21,17.00%,-0.0992733217369203,0.0393810724450703,-0.4666666666666664,-0.0378181908835254,11.737089201877934
COCE5,25.33,6.77,0.39,0.237,3.90%,0.144,-0.86,1.45,-0.34,5.29,3.64,16.39%,3.50%,0.55,10.96%,5.77%,3.741506646971935,6.77,5043900000.0,1.07,9.76%,-0.1005261277167016,0.0189636742639237,-0.4711111159551716,-0.4492528634218761,14.771048744460858
USIM5,5.08,6.98,0.27,0.243,5.57%,0.161,0.51,40.33,1.52,43.6,5.06,0.60%,4.18%,3.72,0.51%,3.82%,0.7277936962750716,6.98,23848200000.0,0.27,11.56%,-0.1026237814516145,0.0310643024064383,-0.4784836031534585,-0.1224348168242263,14.326647564469914
JALL3,4.55,12.05,0.66,0.711,1.49%,0.186,0.71,5.27,-0.56,17.77,3.65,13.49%,5.90%,3.07,4.35%,5.48%,0.37759336099585056,12.05,2090510000.0,2.15,13.03%,-0.104312971159055,0.0225737925897018,-0.4843580298432595,-0.5028849048589337,8.29875518672199
EZTC3,11.03,6.76,0.5,1.656,9.80%,0.384,0.94,10.88,1.68,11.68,10.21,15.22%,26.06%,11.59,4.14%,7.38%,1.6316568047337279,6.76,4889260000.0,0.22,8.54%,-0.1046807985791905,0.0314392602630526,-0.4856298661816837,-0.1214655465070114,14.792899408284024
AURE3,8.36,12.14,0.7,1.331,4.56%,0.279,1.89,10.49,-0.95,14.18,7.93,12.68%,10.96%,1.93,3.29%,5.74%,0.6886326194398681,12.14,12587300000.0,0.67,15.97%,-0.1047809131919046,0.0149288090279485,-0.4859755791914295,-1.2091373298720438,8.237232289950576
AHEB3,38.25,2.28,2.04,0.457,0.00%,0.634,1.61,2.11,-7.18,1.66,1.59,21.72%,20.02%,2.89,38.05%,89.31%,16.776315789473685,2.28,160224000.0,0.03,63.72%,-0.1052137002389194,0.0385026807045814,-0.487467839616563,0.0121563435929863,43.85964912280702
PINE3,4.44,4.03,0.87,0.0,0.00%,0.0,0.0,0.0,0.0,0.0,0.0,0.00%,0.00%,0.0,0.00%,21.68%,1.1017369727047146,4.03,1168580000.0,0.0,89.98%,-0.1081652171816809,0.0586874552206689,-0.497548755540897,0.2212837054274153,24.813895781637715
SANB3,11.55,7.45,0.98,0.0,6.64%,0.0,0.0,0.0,0.0,0.0,0.0,0.00%,0.00%,0.0,0.00%,13.15%,1.5503355704697988,7.45,88425200000.0,0.0,4.36%,-0.1088910299749129,0.0231888792239111,-0.5000022806987771,-0.3320195507525089,13.422818791946309
BRSR3,11.2,4.9,0.45,0.0,8.88%,0.0,0.0,0.0,0.0,0.0,0.0,0.00%,0.00%,0.0,0.00%,9.12%,2.2857142857142856,4.9,10254100000.0,0.0,7.55%,-0.1096180608844751,0.019259772227265,-0.5024499021517437,-0.4712536977467803,20.408163265306122
MYPK3,12.22,9.95,0.45,0.126,4.95%,0.123,0.7,1.96,-0.58,6.0,3.97,6.44%,2.01%,1.56,8.92%,4.56%,1.2281407035175882,9.95,4141440000.0,1.5,14.88%,-0.1101164578516851,0.0282702035629679,-0.5041220272269672,-0.2013676349911763,10.05025125628141
OFSA3,16.89,10.01,1.25,0.95,18.62%,0.696,1.52,6.68,3.52,7.41,5.82,14.23%,9.50%,3.51,14.43%,12.49%,1.6873126873126874,10.01,728976000.0,0.49,7.83%,-0.1116589514957403,0.0237916452801664,-0.5092674468520894,-0.3190983344787406,9.990009990009991
OPCT3,5.33,10.73,1.2,0.618,0.00%,0.393,5.17,4.17,-1.08,8.17,4.2,14.81%,1.58%,1.33,11.64%,11.20%,0.4967381174277726,10.73,886877000.0,1.65,39.43%,-0.1136048716135291,0.034139853125265,-0.5156950421421431,-0.2085110283696003,9.319664492078285
SRNA3,5.87,17.08,0.68,1.048,0.00%,0.184,-101.52,3.84,-0.31,14.85,8.68,27.27%,6.18%,0.99,5.19%,4.01%,0.34367681498829045,17.08,5339170000.0,2.2,33.60%,-0.1139870619329755,0.0266572477667194,-0.5169491765143652,-0.5364707103179237,5.854800936768151
SCAR3,16.1,3.72,0.56,0.828,21.66%,0.309,2.07,2.25,-1.33,5.03,4.49,36.76%,22.09%,3.47,14.32%,14.95%,4.327956989247312,3.72,1670550000.0,0.76,37.38%,-0.1141990438034001,0.0266889028411295,-0.5176436140589997,-0.2497670040927442,26.881720430107524
BDLL4,8.4,0.13,-0.06,0.897,0.00%,0.024,-0.06,-0.42,-0.03,-5.66,-6.06,-212.99%,670.81%,0.52,-6.22%,-43.36%,64.61538461538461,0.13,-231705000.0,-0.8,4.33%,-0.1149202551580429,0.0470898749029667,-0.5200000217982697,0.084438027293544,769.2307692307692
AHEB5,45.0,2.69,2.4,0.538,0.00%,0.745,1.9,2.48,-8.45,2.03,1.95,21.72%,20.02%,2.89,38.05%,89.31%,16.728624535315987,2.69,160224000.0,0.03,63.72%,-0.1154845397130738,0.0346618362632726,-0.5218370050995493,-0.0414395572047637,37.17472118959108
BBDC3,10.6,7.11,0.69,0.0,9.55%,0.0,0.0,0.0,0.0,0.0,0.0,0.00%,0.00%,0.0,0.00%,9.73%,1.490857946554149,7.11,162931000000.0,0.0,-18.20%,-0.1186543946018993,0.021652859178786,-0.5320476378938204,-0.4118032846614877,14.064697609001406
BBDC4,11.58,7.77,0.76,0.0,9.62%,0.0,0.0,0.0,0.0,0.0,0.0,0.00%,0.00%,0.0,0.00%,9.73%,1.4903474903474905,7.77,162931000000.0,0.0,-18.20%,-0.1238539537184212,0.0225493335563551,-0.5484024713164231,-0.3977676371796015,12.87001287001287
BMGB4,3.8,4.98,0.52,0.0,9.74%,0.0,0.0,0.0,0.0,0.0,0.0,0.00%,0.00%,0.0,0.00%,10.45%,0.7630522088353413,4.98,4257730000.0,0.0,-5.42%,-0.1243702133599669,0.0278134221173766,-0.5499999829701021,-0.3033425204010732,20.080321285140563
VTRU3,6.71,13.0,0.38,0.425,0.00%,0.15,3.32,1.21,-0.33,3.71,2.87,35.17%,3.27%,1.43,13.86%,2.92%,0.5161538461538462,13.0,2370060000.0,1.01,12.54%,-0.1248286974671351,0.037128381268527,-0.5514147617202887,-2.218595681168721,7.6923076923076925
MDIA3,20.37,8.51,0.88,0.694,1.18%,0.544,1.9,6.55,5.84,6.59,4.9,10.60%,8.16%,2.52,11.35%,10.34%,2.393654524089307,8.51,7849490000.0,0.27,10.75%,-0.1253953995220039,0.02418190946782,-0.5531583504963618,-0.3509357277570343,11.750881316098708
ECOR3,4.3,3.4,0.86,0.307,4.52%,0.104,-2.65,0.85,-0.15,5.17,4.1,36.21%,9.29%,0.83,14.89%,25.13%,1.2647058823529411,3.4,3499960000.0,5.71,26.54%,-0.1270921784891175,0.0301109582365481,-0.5583451330826961,-0.200809670102193,29.411764705882355
MELK3,3.53,8.75,0.6,0.717,11.34%,0.289,0.55,7.71,0.82,5.92,5.66,9.30%,14.53%,2.76,4.78%,6.90%,0.4034285714285714,8.75,1206090000.0,0.29,12.16%,-0.1295781531158885,0.0257970330719078,-0.5658536554162955,-0.45773813250145,11.428571428571429
CEAB3,8.06,6.78,0.78,0.337,4.28%,0.283,2.82,2.98,-1.66,3.32,1.78,11.29%,4.96%,1.27,14.49%,11.51%,1.1887905604719764,6.78,3180770000.0,0.45,15.36%,-0.1300351251144929,0.0429642883837478,-0.5672222243414996,-0.0059632754324883,14.749262536873156
USIM3,5.11,7.02,0.27,0.245,5.04%,0.162,0.52,40.56,1.53,43.84,5.09,0.60%,4.18%,3.72,0.51%,3.82%,0.727920227920228,7.02,23848200000.0,0.27,11.56%,-0.1308387592368963,0.0284784047907427,-0.5696202750670264,-0.2488133337179172,14.245014245014245
DESK3,10.5,13.0,0.91,1.104,0.40%,0.306,1.85,3.47,-0.86,5.94,3.76,31.85%,9.79%,2.19,11.90%,7.03%,0.8076923076923077,13.0,1328380000.0,1.37,31.45%,-0.1315358786801155,0.0349464913937028,-0.5716915027747269,-0.3028749557382048,7.6923076923076925
BPHA3,0.62,0.06,-0.24,-20.054,0.00%,0.995,-0.38,0.78,-0.2,1.6,1.43,-2581.69%,-33652.50%,0.06,401.01%,-402.50%,10.333333333333334,0.06,-292294000.0,-0.26,-53.39%,-0.1327715697150607,0.0138259017020281,-0.5753424735828958,-0.908076413461878,1666.6666666666667
BRSR6,9.74,4.26,0.39,0.0,10.21%,0.0,0.0,0.0,0.0,0.0,0.0,0.00%,0.00%,0.0,0.00%,9.12%,2.286384976525822,4.26,10254100000.0,0.0,7.55%,-0.1330747111992322,0.0215082756481302,-0.5762341604232737,-0.465509813836009,23.47417840375587
ALLD3,7.05,4.26,0.43,0.119,33.43%,0.193,0.69,5.1,1.93,6.92,4.86,2.34%,2.80%,1.76,6.32%,10.19%,1.6549295774647887,4.26,1526620000.0,0.36,-0.27%,-0.1411909434890024,0.0344030793394881,-0.5995343427107989,-0.3118530513147389,23.474178403755868
ASAI3,5.8,12.33,1.57,0.109,1.60%,0.179,-3.2,1.52,-0.33,3.96,3.02,7.15%,0.88%,0.86,17.82%,12.73%,0.470397404703974,12.33,4995000000.0,3.33,40.13%,-0.141908053285059,0.0246851395856267,-0.6015406047884722,-0.606296098964142,8.110300081103
RDOR3,26.65,16.53,2.49,1.231,2.43%,0.623,1.94,8.34,-2.62,8.41,7.0,14.76%,7.65%,2.89,11.95%,15.08%,1.6122202056866302,16.53,24469300000.0,1.46,40.02%,-0.1445730327995453,0.0242403306524292,-0.6089231623424354,-0.6074984241048628,6.049606775559589
INEP4,1.34,0.12,-0.04,13.849,0.00%,0.058,-0.05,-0.95,-0.03,-15.51,-17.33,-1461.87%,11812.40%,0.08,-6.53%,-36.90%,11.166666666666668,0.12,-1377160000.0,-0.66,-9.09%,-0.1453708992521282,0.0359587830282484,-0.6111111072381645,-1.660998684617563,833.3333333333334
LREN3,13.07,11.2,1.33,0.983,4.49%,0.722,3.15,4.74,5.66,4.26,3.01,20.74%,8.77%,1.64,19.34%,11.89%,1.166964285714286,11.2,10394700000.0,0.11,16.64%,-0.1464291470159441,0.0285768551460361,-0.6139973293170844,-0.2869775896407329,8.92857142857143
FIQE3,3.38,7.03,1.05,1.235,6.29%,0.544,4.42,5.08,-3.38,5.32,2.7,24.31%,17.56%,1.62,14.27%,14.90%,0.4807965860597439,7.03,1168030000.0,0.49,25.30%,-0.1489085306907123,0.0286605776422367,-0.6206896359679708,-0.5591453737481086,14.224751066856328
YDUQ3,9.11,12.8,0.82,0.495,3.21%,0.278,2.81,3.4,-0.67,8.98,4.33,14.58%,3.90%,1.7,9.23%,6.40%,0.71171875,12.8,3217700000.0,1.62,8.99%,-0.1574694241701919,0.0367602165415287,-0.643058360185245,-0.132556294141208,7.8125
DMVF3,5.7,9.13,0.32,0.144,0.00%,0.168,4.54,19.17,-1.01,17.99,2.11,0.75%,1.58%,1.13,1.10%,3.54%,0.624315443592552,9.13,893212000.0,0.02,22.28%,-0.16158015522231,0.028048725160898,-0.6534017893574595,-0.4908055309664423,10.952902519167578
PGMN3,3.42,12.38,0.75,0.164,8.06%,0.23,1.69,3.74,-1.19,6.17,3.17,4.38%,1.34%,1.38,8.27%,6.03%,0.2762520193861066,12.38,2663310000.0,0.55,17.23%,-0.1691238409660725,0.0281262662931935,-0.6717335894437959,-0.5246139355866315,8.077544426494345
BLAU3,12.93,12.4,1.11,1.376,2.82%,0.716,2.05,7.94,5.41,8.34,7.12,17.33%,10.88%,3.48,11.28%,8.92%,1.042741935483871,12.4,2097210000.0,0.26,9.58%,-0.1745563399008345,0.027296810229576,-0.6844282056313098,-0.6752838015767164,8.064516129032258
CRFB3,6.15,518.83,0.65,0.114,1.54%,0.146,-7.38,3.06,-0.48,7.39,5.14,3.72%,0.21%,0.96,6.04%,0.13%,0.01185359366266407,518.83,19842000000.0,1.12,15.16%,-0.177804314698282,0.0244978920051736,-0.6918205848303094,-0.5039213501707718,0.19274136036852146
RAIZ4,2.15,28.87,1.02,0.092,1.22%,0.156,2.48,3.66,-0.42,11.99,4.62,2.50%,0.34%,1.16,5.56%,3.55%,0.07447177000346379,28.87,21717600000.0,2.82,13.37%,-0.1816000737896933,0.0262007242797718,-0.7002762230807633,-0.8233880925320566,3.46380325597506
GUAR3,5.9,13.7,0.57,0.315,2.04%,0.226,1.02,4.16,13.35,5.39,2.76,7.59%,2.30%,1.55,6.64%,4.17%,0.43065693430656937,13.7,5155640000.0,0.39,10.00%,-0.1886628829816273,0.0379150057533416,-0.7154953310909979,-0.1697013333732558,7.2992700729927
SEER3,4.37,16.19,0.46,0.29,0.00%,0.164,4.52,1.88,-0.42,3.89,2.25,15.44%,1.79%,1.17,9.62%,2.83%,0.2699197035206918,16.19,1228580000.0,0.71,11.97%,-0.1907540660837456,0.0363910578279937,-0.7198757688184514,-0.2097210963207524,6.176652254478072
FIGE3,12.03,2.51,0.17,0.0,0.38%,0.0,0.0,0.0,0.0,0.0,0.0,0.00%,0.00%,0.0,0.00%,6.71%,4.792828685258964,2.51,168814000.0,0.0,19.77%,-0.1909255951962911,0.0341018883830231,-0.7202325643495073,-0.091559389520744,39.8406374501992
PETZ3,4.3,369.2,1.17,0.609,6.77%,0.498,3.49,11.95,-2.38,11.73,3.86,5.10%,0.17%,1.65,5.31%,0.32%,0.011646803900325027,369.2,1698680000.0,0.26,18.82%,-0.1922909460629228,0.0371786197970606,-0.7230591268872553,-0.3477534134940781,0.27085590465872156
NINJ3,5.0,19.11,0.87,4.177,0.00%,0.812,0.89,-13.37,0.89,2.05,2.8,-31.23%,21.86%,16.47,-155.93%,4.53%,0.26164311878597596,19.11,293687000.0,0.0,1.74%,-0.1966278945997038,0.0369132280988896,-0.7318801104079381,-0.4594757214477489,5.232862375719519
ARML3,5.54,9.31,1.55,1.135,5.74%,0.376,2.49,3.5,-0.95,6.73,5.11,32.38%,12.19%,1.76,15.61%,16.65%,0.5950590762620838,9.31,1238590000.0,2.34,133.11%,-0.2080997182807186,0.0354457842676141,-0.754090916026722,-0.5800040319889431,10.741138560687432
CSED3,3.11,7.04,0.77,0.453,5.29%,0.235,123.78,2.56,-0.5,3.38,2.12,17.65%,6.43%,1.01,10.95%,10.88%,0.4417613636363636,7.04,1480580000.0,0.72,11.53%,-0.2098382359024583,0.0340584351992604,-0.7573189363283513,-0.5433603052959881,14.204545454545453
LPSB3,1.5,18.19,0.97,1.202,2.71%,0.557,4.92,5.31,-3.44,3.75,2.56,22.64%,14.99%,1.7,12.76%,5.33%,0.08246289169873557,18.19,228305000.0,0.0,1.22%,-0.2098708031412477,0.0409339808055116,-0.7573790672789238,-0.1564047658418386,5.497526113249037
BDLL3,12.0,0.19,-0.08,1.282,0.00%,0.035,-0.08,-0.6,-0.04,-5.84,-6.25,-212.99%,670.81%,0.52,-6.22%,-43.36%,63.1578947368421,0.19,-231705000.0,-0.8,4.33%,-0.2138903539600454,0.0331287419230091,-0.7647058823529413,-0.361208160405679,526.3157894736842
BRIT3,3.06,11.85,0.88,1.003,2.85%,0.339,3.39,7.18,-1.03,12.58,4.16,13.96%,8.45%,1.54,6.52%,7.44%,0.2582278481012658,11.85,1557890000.0,1.25,22.57%,-0.2177072041562524,0.0349131838708472,-0.7714915522742118,-0.6598820140149614,8.438818565400844
HBOR3,1.4,3.51,0.13,0.143,6.50%,0.029,0.1,0.88,-1.48,9.24,8.05,16.19%,12.79%,1.97,3.46%,3.73%,0.39886039886039887,3.51,1429510000.0,1.4,2.94%,-0.2525530226005006,0.0401948531675549,-0.8262500017881382,-0.258966271545296,28.49002849002849
LJQQ3,2.16,7.8,0.75,0.163,5.65%,0.115,0.39,6.09,-0.86,4.9,1.71,2.67%,2.08%,1.73,2.63%,9.58%,0.27692307692307694,7.8,563969000.0,1.01,9.02%,-0.2537449347985105,0.035069916936148,-0.8279091890295877,-0.5807556767157624,12.82051282051282
HBRE3,3.05,3.2,0.16,1.991,0.00%,0.065,1.94,0.73,-0.2,3.78,3.75,272.65%,146.75%,1.51,9.21%,4.94%,0.9531249999999999,3.2,1993010000.0,0.73,24.44%,-0.2620850122720791,0.0323192912001877,-0.8391534379253375,-0.7977008765356863,31.25
ONCO3,2.13,19.18,0.37,0.228,0.00%,0.113,0.57,1.84,-0.44,6.63,4.86,12.41%,2.13%,1.96,8.29%,1.91%,0.11105318039624608,19.18,3790620000.0,1.53,29.41%,-0.2649633560075559,0.041164730501323,-0.8428889154397221,-0.6539773540804684,5.213764337851929
MTRE3,3.05,7.33,0.32,0.292,9.82%,0.153,0.31,5.06,0.49,11.33,8.48,5.76%,5.59%,2.48,3.55%,4.43%,0.4160982264665757,7.33,994199000.0,0.64,30.13%,-0.2732657283654248,0.0358482636979084,-0.8532608664922853,-0.538855799771368,13.642564802182811
RNEW11,2.95,3.21,0.28,1.123,0.00%,0.08,-0.7,2.1,-0.13,10.92,5.89,53.35%,34.99%,0.42,4.02%,8.65%,0.9190031152647976,3.21,883600000.0,1.31,43.76%,-0.2852886629982943,0.0415589358390025,-0.8672645677391896,-0.3114790999853604,31.152647975077883
RNEW4,0.97,3.17,0.27,1.108,0.00%,0.079,-0.69,2.08,-0.12,10.89,5.87,53.35%,34.99%,0.42,4.02%,8.65%,0.305993690851735,3.17,883600000.0,1.31,43.76%,-0.2909570167133467,0.0423660250457176,-0.87346938514021,-0.3133726335227878,31.545741324921135
RNEW3,0.98,3.2,0.28,1.119,0.00%,0.079,-0.7,2.1,-0.13,10.91,5.88,53.35%,34.99%,0.42,4.02%,8.65%,0.30624999999999997,3.2,883600000.0,1.31,43.76%,-0.2945584805185729,0.0406545245086217,-0.8772845931670106,-0.3504457805809003,31.249999999999993
MGLU3,6.6,13.32,0.44,0.129,0.00%,0.137,1.42,2.74,-0.71,4.45,2.56,4.71%,0.97%,1.24,7.16%,3.31%,0.4954954954954955,13.32,11064900000.0,0.44,8.62%,-0.2949308999815351,0.0418088202318888,-0.8776735827600113,-0.3127675421265809,7.5075075075075075
LVTC3,2.35,18.41,0.23,0.182,0.00%,0.109,0.61,0.81,-0.65,0.53,0.25,22.55%,0.99%,1.97,15.19%,1.26%,0.1276480173818577,18.41,653675000.0,0.0,-11.70%,-0.3208845493909591,0.0332287464972679,-0.9023682311908656,-1.169938401676562,5.431830526887561
IRBR3,44.64,14.05,0.77,0.625,0.00%,0.229,0.0,7.31,0.0,0.0,0.0,8.55%,4.45%,0.0,0.00%,5.46%,3.177224199288256,14.05,4785350000.0,0.0,0.00%,-0.360418113796109,0.0413701293945448,-0.9319253355015256,-0.4702329071851464,7.117437722419928
OIBR4,8.84,0.24,-0.2,0.334,0.00%,0.142,-1.41,-0.81,-0.1,-3.3,-5.32,-41.26%,137.65%,0.76,-22.29%,-81.27%,36.833333333333336,0.24,-14802100000.0,-0.69,0.71%,-0.3630868618167948,0.0552316057239693,-0.93361538373507,-0.2117419699206711,416.6666666666667
ATMP3,1.26,0.14,0.09,0.094,0.00%,0.026,-0.56,-0.6,-0.06,-3.76,-9.98,-15.73%,65.56%,0.85,-4.70%,63.65%,9.0,0.14,368994000.0,0.66,-24.85%,-0.4030960820298913,0.0512064279716785,-0.9550566287558138,-0.3473656022703342,714.2857142857143
SLED3,3.21,0.45,-0.08,0.416,0.00%,0.48,-0.2,-0.44,-0.07,-0.96,-1.18,-93.81%,92.72%,0.12,-2259.94%,-18.07%,7.133333333333333,0.45,-381277000.0,-0.09,-48.69%,-0.4105151999078923,0.0872400960865217,-0.9583123115282886,-0.0196623143166764,222.22222222222223
SLED4,1.6,0.22,-0.04,0.207,0.00%,0.239,-0.1,-0.22,-0.04,-0.74,-0.9,-93.81%,92.72%,0.12,-2259.94%,-18.07%,7.272727272727273,0.22,-381277000.0,-0.09,-48.69%,-0.468398659202658,0.062373590752394,-0.9776058008490598,-0.3662937881855749,454.54545454545456
OIBR3,1.36,0.04,-0.03,0.051,0.00%,0.022,-0.22,-0.12,-0.02,-2.61,-4.21,-41.26%,137.65%,0.76,-22.29%,-81.27%,34.0,0.04,-14802100000.0,-0.69,0.71%,-0.5291674707537963,0.0550600241803555,-0.9892063490928166,-0.5037438666245718,2499.9999999999995
AMER3,5.71,0.1,0.2,0.078,0.00%,0.062,0.38,-0.77,-0.21,-1.2,-8.55,-10.09%,76.26%,1.7,-9.68%,196.01%,57.099999999999994,0.1,5717000000.0,0.3,10.19%,-0.6650431082324706,0.075236204531065,-0.9986065826474432,-0.4332159203763285,999.9999999999998
PDGR3,0.01,0.01,-0.01,0.152,0.00%,0.032,-0.03,-0.16,0.0,-2.11,-2.12,-93.35%,1112.39%,0.32,-41.34%,-39.48%,1.0,0.01,-3242660000.0,-0.07,-20.34%,-0.8556880998816379,0.0837526032180566,-0.999991180271912,-0.9112277885971956,10000.0
