ticker,Cotacao,P/L,P/VP,PSR,DY,P/Ativo,P/Cap.Giro,P/EBIT,P/ACL,EV/EBIT,EV/EBITDA,Mrg.Ebit,Mrg.Liq.,Liq.Corr.,ROIC,ROE,LPA,Liq.2meses,Pat.Liq,Div.Brut/Pat.,Cresc.5anos,avg_return,volatility,cumulative_return,sharpe_ratio
PRIO3,45.47,8.01,2.63,3.3,0.16%,1.318,12.85,5.69,-4.72,6.68,4.7,58.03%,41.20%,1.87,27.31%,32.89%,5.67665418227216,8.01,15396500000.0,0.72,66.69%,0.7501056434775757,0.038938738589551,20.92448926828554,1.1155203916997642
DEXP3,10.35,5.54,1.27,0.585,4.94%,0.675,1.42,6.01,2.34,5.12,4.3,9.74%,12.19%,3.57,16.90%,22.86%,1.8682310469314078,5.54,768208000.0,0.35,21.08%,0.6677857510548479,0.0416792624815716,15.80724649645244,1.0031821883870038
NUTR3,4.89,11.82,1.75,0.32,0.00%,0.574,2.04,5.66,95.66,6.23,5.79,5.65%,2.70%,1.71,13.05%,14.78%,0.41370558375634514,11.82,37072000.0,0.2,32.93%,0.6628256652156257,0.0616727638797374,15.53333280351428,0.8579969908879651
RSUL4,69.86,7.72,2.08,1.212,3.04%,1.092,3.62,4.82,14.8,4.16,3.87,25.15%,15.70%,2.23,30.15%,26.89%,9.049222797927461,7.72,204347000.0,0.06,22.21%,0.549812976116389,0.0284746552066074,10.213132854302954,1.0416583727288795
BMEB4,29.45,5.96,1.85,0.0,4.48%,0.0,0.0,0.0,0.0,0.0,0.0,0.00%,0.00%,0.0,0.00%,30.96%,4.941275167785235,5.96,1672510000.0,0.0,19.43%,0.4632252615988752,0.0235542813117472,7.165517346612381,1.023206208344791
BPAC3,15.39,16.76,3.41,0.0,2.57%,0.0,0.0,0.0,0.0,0.0,0.0,0.00%,0.00%,0.0,0.00%,20.33%,0.9182577565632458,16.76,51962100000.0,0.0,51.65%,0.4469271308024158,0.0359984436334333,6.676216481787812,0.8017502054426192
BMEB3,26.68,5.4,1.67,0.0,4.49%,0.0,0.0,0.0,0.0,0.0,0.0,0.00%,0.00%,0.0,0.00%,30.96%,4.940740740740741,5.4,1672510000.0,0.0,19.43%,0.4459864418052806,0.0337455565507595,6.648725274456615,0.8208980597512185
MRSA5B,28.5,7.03,1.44,1.407,3.12%,0.545,7.51,3.47,-1.42,4.77,3.57,40.53%,20.01%,1.44,19.72%,20.44%,4.0540540540540535,7.03,6701670000.0,0.99,22.21%,0.4149451260616872,0.0421393582151831,5.785714593874368,0.6416017558341752
WLMM4,31.4,9.74,1.57,0.417,4.51%,1.295,2.77,7.44,3.27,7.25,7.01,5.60%,4.28%,5.56,19.07%,16.12%,3.223819301848049,9.74,728425000.0,0.03,26.88%,0.3912108930091693,0.0303234428457653,5.181102379943098,0.7841149892241641
MNPR3,13.5,7.84,-0.3,0.262,0.00%,0.284,-0.26,1.81,-0.21,1.81,1.5,14.50%,3.35%,0.34,16.53%,-3.88%,1.721938775510204,7.84,-315013000.0,0.0,12.53%,0.3710025648838917,0.0438621449999717,4.701754457512514,0.6868460550569514
BRGE5,13.18,33.11,0.73,273.039,0.00%,0.325,0.85,-1.39,1.65,0.89,0.91,-19636.90%,1381.29%,3.06,-50.03%,2.21%,0.39806704922983993,33.11,1324180000.0,0.0,-45.61%,0.3586416338073446,0.0731348620023476,4.423868289338892,0.6322284710819615
CPLE5,14.0,19.3,1.71,1.955,3.43%,0.753,10.87,11.88,-2.45,14.51,10.39,16.45%,10.41%,1.39,7.40%,8.86%,0.7253886010362695,19.3,24417600000.0,0.62,6.54%,0.3572154045424334,0.0914564538996733,4.392531908506255,0.5007533187119607
CTKA4,20.0,2.84,-1.22,0.189,0.00%,0.195,0.71,2.51,-0.42,11.2,8.12,7.51%,6.65%,1.66,9.93%,-43.04%,7.042253521126761,2.84,-101578000.0,-4.8,18.58%,0.3525474804359301,0.0551848969355895,4.291005331052074,0.6762013298029773
LOGN3,40.94,146.39,4.62,1.832,0.00%,1.21,12.95,19.42,-2.72,24.2,11.89,9.43%,1.25%,1.47,7.47%,3.15%,0.27966391146936265,146.39,951618000.0,1.69,25.25%,0.3492471272617665,0.0358275573855782,4.220171959324441,0.6845008755537487
MRSA3B,31.0,7.65,1.56,1.53,0.00%,0.593,8.16,3.78,-1.54,5.08,3.8,40.53%,20.01%,1.44,19.72%,20.44%,4.052287581699346,7.65,6701670000.0,0.99,22.21%,0.3467297493812609,0.0460106519933777,4.166666666666667,0.6024353522789044
BPAC11,31.71,11.51,2.34,0.0,3.74%,0.0,0.0,0.0,0.0,0.0,0.0,0.00%,0.00%,0.0,0.00%,20.33%,2.7549956559513467,11.51,51962100000.0,0.0,51.65%,0.3453413329661263,0.0310591075504602,4.1373494027585584,0.7096953663758747
WLMM3,25.0,7.75,1.25,0.332,5.15%,1.031,2.2,5.92,2.6,5.73,5.54,5.60%,4.28%,5.56,19.07%,16.12%,3.225806451612903,7.75,728425000.0,0.03,26.88%,0.3387489813645903,0.0429278878383971,3.999999999999997,0.6101496095149973
WEGE3,44.05,32.14,10.62,5.63,1.58%,5.781,18.87,25.0,24.75,24.48,22.52,22.52%,18.03%,1.84,31.99%,33.05%,1.3705662725575605,32.14,17407300000.0,0.15,24.33%,0.3365816167505524,0.0231282335672095,3.955506159208655,0.7875448413289278
BRGE12,13.47,33.84,0.75,279.047,0.00%,0.332,0.87,-1.42,1.68,0.86,0.88,-19636.90%,1381.29%,3.06,-50.03%,2.21%,0.3980496453900709,33.84,1324180000.0,0.0,-45.61%,0.3121025945851106,0.0368815875608659,3.4750831593709366,0.6184249218315527
CTKA3,21.6,3.07,-1.32,0.204,0.00%,0.21,0.76,2.71,-0.45,11.4,8.26,7.51%,6.65%,1.66,9.93%,-43.04%,7.035830618892509,3.07,-101578000.0,-4.8,18.58%,0.3090086625591477,0.0654520215432851,3.4171781127252894,0.5957353578525271
FRIO3,250.0,75.43,4.63,0.814,0.00%,0.865,12.43,16.18,-12.48,22.08,13.55,5.03%,1.92%,1.11,7.80%,6.14%,3.314331167970303,75.43,339515000.0,2.16,7.87%,0.303852125415186,0.0469990873576268,3.3220338983050857,0.5966753609826877
FRAS3,20.12,13.73,2.76,1.602,3.01%,1.305,3.58,9.82,14.73,9.56,7.72,16.31%,12.01%,2.48,21.60%,20.10%,1.4654042243262928,13.73,1968450000.0,0.56,25.54%,0.3031020974107072,0.0211694596122479,3.308335873416441,0.7510141079420171
BRGE7,13.07,32.83,0.73,270.76,3.65%,0.322,0.84,-1.38,1.63,0.9,0.92,-19636.90%,1381.29%,3.06,-50.03%,2.21%,0.3981114833993299,32.83,1324180000.0,0.0,-45.61%,0.3018333856432296,0.0364895067425557,3.2852458685772685,0.5355323339219664
BPAN4,8.31,14.66,1.31,0.0,2.59%,0.0,0.0,0.0,0.0,0.0,0.0,0.00%,0.00%,0.0,0.00%,8.92%,0.5668485675306958,14.66,8062790000.0,0.0,13.83%,0.297380182785449,0.0400726111342788,3.2049999237060787,0.6117385788156041
ENMT3,85.0,12.18,4.88,2.364,5.44%,1.389,31.05,7.73,-3.11,9.54,8.52,30.58%,19.41%,1.2,20.48%,40.09%,6.9786535303776684,12.18,3811240000.0,1.42,12.66%,0.2972769153127164,0.0166525696339793,3.2031537649765767,0.8543339721641788
BAUH4,79.0,21.21,3.76,1.827,1.04%,2.409,24.83,29.25,30.88,27.12,19.23,6.25%,8.62%,1.29,13.85%,17.71%,3.7246581801037246,21.21,109814000.0,0.03,5.13%,0.2954761050961274,0.0183512993581315,3.171066408258202,0.7914705907637019
BPAC5,8.1,8.82,1.79,0.0,4.89%,0.0,0.0,0.0,0.0,0.0,0.0,0.00%,0.00%,0.0,0.00%,20.33%,0.9183673469387754,8.82,51962100000.0,0.0,51.65%,0.2903027522131649,0.0330826340273582,3.0799999237060307,0.6175064758298199
CEDO3,27.3,3.42,1.28,0.258,0.00%,0.313,2.3,1.26,-1.3,2.88,2.6,20.44%,7.79%,1.36,27.48%,37.29%,7.982456140350878,3.42,213854000.0,1.68,15.31%,0.2865349738999043,0.059481744874766,3.0147056575465108,0.5847135707516102
BAZA3,98.43,4.36,0.9,0.0,6.71%,0.0,0.0,0.0,0.0,0.0,0.0,0.00%,0.00%,0.0,0.00%,20.69%,22.575688073394495,4.36,6113980000.0,0.0,20.71%,0.2864209824818928,0.0239291550679285,3.012743643135485,0.6695450369076016
KEPL3,9.78,6.89,2.25,1.12,10.41%,1.25,4.01,6.39,6.06,5.85,5.15,17.52%,16.26%,1.92,27.98%,32.72%,1.4194484760522497,6.89,779763000.0,0.22,32.22%,0.2769610125712758,0.0228333567185874,2.8526320802208445,0.66417798424427
HBTS5,38.08,1.33,0.51,1.096,7.98%,0.218,4.26,2.04,-0.5,3.26,3.24,53.62%,82.49%,1.59,10.95%,38.57%,28.631578947368418,1.33,678756000.0,0.36,107.50%,0.2742666881941922,0.1126365541862059,2.8080001831054657,0.4575320698236079
ENMT4,74.55,10.68,4.28,2.074,6.20%,1.219,27.23,6.78,-2.73,8.59,7.67,30.58%,19.41%,1.2,20.48%,40.09%,6.980337078651686,10.68,3811240000.0,1.42,12.66%,0.2739965917912947,0.0190604636845275,2.803549441664172,0.7222593522875402
CEDO4,22.59,2.83,1.06,0.214,0.00%,0.259,1.9,1.05,-1.07,2.66,2.4,20.44%,7.79%,1.36,27.48%,37.29%,7.982332155477032,2.83,213854000.0,1.68,15.31%,0.2716463018685704,0.0546373827780063,2.7650000254313256,0.5796520825987131
EUCA4,15.98,3.71,0.6,0.561,5.76%,0.356,2.19,3.9,-7.06,5.47,3.29,14.37%,15.10%,1.83,9.95%,16.18%,4.307277628032345,3.71,2463670000.0,0.3,14.57%,0.2690723930108616,0.0339908563690899,2.7231503981931726,0.5798682849502943
SHUL4,6.48,8.82,1.76,1.225,5.70%,0.958,2.28,10.31,4.61,9.53,7.38,11.89%,13.88%,2.74,15.18%,19.89%,0.7346938775510204,8.82,1319420000.0,0.47,19.16%,0.2649439601143402,0.0242020042433347,2.65682130967112,0.6242387219363098
RPAD3,8.8,45.82,0.69,0.0,0.00%,0.683,14.51,-137.77,14.54,-127.89,-127.89,0.00%,0.00%,14.69,-0.52%,1.50%,0.19205587079877784,45.82,1087490000.0,0.0,-90.37%,0.2635632084865718,0.038881287384836,2.6348547373028053,0.5428878160534123
CEBR3,20.93,8.64,1.43,4.25,9.07%,1.018,2.12,12.21,2.33,6.59,6.2,34.81%,63.31%,8.05,16.00%,16.60%,2.4224537037037037,8.64,1051840000.0,0.0,-41.30%,0.261698302836751,0.0371399027955621,2.6053572996234524,0.5898417277986593
POSI3,8.45,3.95,0.73,0.284,4.95%,0.27,0.72,3.01,1.92,4.95,4.33,9.43%,7.27%,1.96,12.36%,18.40%,2.1392405063291138,3.95,1648030000.0,0.84,24.45%,0.2562843909163921,0.0419384406322208,2.52083311395514,0.5703313855600819
SOND6,55.0,26.4,2.33,0.823,9.17%,1.401,3.82,5.63,5.59,4.41,3.77,14.64%,3.17%,2.29,36.75%,8.83%,2.0833333333333335,26.4,58004000.0,0.0,30.94%,0.2508415730034303,0.0249653785746056,2.4374999999999987,0.5769809292129066
STBP3,14.26,20.33,5.55,5.237,4.65%,2.521,-175.25,13.15,-6.68,13.24,10.66,39.84%,25.76%,0.92,21.75%,27.33%,0.7014264633546483,20.33,2218490000.0,0.24,27.20%,0.2466290185560022,0.0302051400374958,2.3741176829618538,0.5557689823474422
BRGE3,13.5,33.91,0.75,279.668,0.00%,0.333,0.87,-1.42,1.69,0.86,0.87,-19636.90%,1381.29%,3.06,-50.03%,2.21%,0.3981126511353583,33.91,1324180000.0,0.0,-45.61%,0.245561520645845,0.0531504081397821,2.3582089711574024,0.5496947652059202
DIRR3,27.41,11.24,2.26,1.927,7.55%,0.604,2.01,10.52,-2.11,11.02,9.67,18.32%,19.60%,3.39,6.88%,20.10%,2.438612099644128,11.24,2105010000.0,0.67,15.71%,0.2403382183770901,0.0293013416433118,2.281249824397103,0.546897029150321
BRGE8,13.17,33.08,0.73,272.832,2.59%,0.324,0.85,-1.39,1.65,0.89,0.91,-19636.90%,1381.29%,3.06,-50.03%,2.21%,0.3981257557436518,33.08,1324180000.0,0.0,-45.61%,0.2399864601443047,0.0477661677970505,2.2761194375077007,0.4952975453699044
CPLE6,9.98,13.76,1.22,1.393,3.81%,0.537,7.75,8.47,-1.75,11.1,7.95,16.45%,10.41%,1.39,7.40%,8.86%,0.7252906976744187,13.76,24417600000.0,0.62,6.54%,0.2376634081939062,0.0223174994725769,2.2424024166747856,0.5809718759965555
MRSA6B,30.99,7.64,1.56,1.53,2.87%,0.593,8.16,3.77,-1.54,5.08,3.8,40.53%,20.01%,1.44,19.72%,20.44%,4.056282722513089,7.64,6701670000.0,0.99,22.21%,0.2362073129047923,0.0362738855471466,2.221413735943838,0.4883274949023194
TOTS3,30.18,24.27,3.89,3.98,1.46%,2.064,9.56,11.33,-32.87,10.79,9.15,35.12%,16.97%,2.36,26.07%,16.03%,1.2435105067985166,24.27,4786840000.0,0.35,19.24%,0.2308074104981481,0.026142039218087,2.14454628354376,0.5402420480746003
CEBR6,19.4,8.01,1.33,3.939,10.76%,0.943,1.96,11.32,2.16,5.7,5.36,34.81%,63.31%,8.05,16.00%,16.60%,2.4219725343320846,8.01,1051840000.0,0.0,-41.30%,0.2288376402183023,0.0321082514723654,2.1168833179445032,0.5352019961282531
LUXM4,13.99,15.45,2.33,2.088,1.59%,1.696,-114.25,11.67,-11.27,11.45,7.4,17.90%,13.52%,0.89,15.72%,15.05%,0.9055016181229774,15.45,125057000.0,0.02,6.04%,0.2282657195074238,0.0223491824413774,2.1088888380262603,0.5534134460471858
EQPA3,7.08,7.01,3.08,1.498,10.73%,1.07,10.86,4.78,-2.98,5.89,5.19,31.34%,21.37%,1.5,26.38%,43.96%,1.0099857346647647,7.01,5075140000.0,0.96,17.69%,0.2270611122252079,0.027668501946379,2.092105385614344,0.5209547367346126
RANI3,8.79,6.18,1.6,1.342,8.50%,0.606,2.51,5.2,-2.09,7.7,5.82,25.79%,21.71%,3.71,14.73%,25.84%,1.4223300970873787,6.18,1320340000.0,1.23,16.04%,0.2258713185032794,0.0377109899134821,2.075601218310707,0.5087758461301837
BNBR3,116.0,4.78,0.89,0.0,4.98%,0.0,0.0,0.0,0.0,0.0,0.0,0.00%,0.00%,0.0,0.00%,18.55%,24.26778242677824,4.78,11299100000.0,0.0,14.35%,0.2242650908850505,0.025576640440472,2.053434979597549,0.5282721628564537
BRGE11,13.18,33.11,0.73,273.039,3.10%,0.325,0.85,-1.39,1.65,0.89,0.91,-19636.90%,1381.29%,3.06,-50.03%,2.21%,0.39806704922983993,33.11,1324180000.0,0.0,-45.61%,0.2205213554552008,0.0449572957463604,2.0022780651533343,0.4919620055517616
MTSA4,44.49,5.52,0.88,0.764,4.45%,0.708,1.17,10.41,1.21,6.97,5.16,7.34%,13.83%,4.52,10.16%,15.85%,8.059782608695652,5.52,446721000.0,0.07,19.27%,0.2204513907438916,0.0258499290756982,2.0013287439526475,0.5180365469881424
SOND5,60.0,28.8,2.54,0.898,8.41%,1.528,4.17,6.14,6.1,4.92,4.21,14.64%,3.17%,2.29,36.75%,8.83%,2.0833333333333335,28.8,58004000.0,0.0,30.94%,0.2202428583743527,0.0286077691041246,1.9985007153272176,0.5039867700604982
CPLE3,8.91,12.28,1.09,1.244,3.88%,0.479,6.92,7.56,-1.56,10.19,7.3,16.45%,10.41%,1.39,7.40%,8.86%,0.72557003257329,12.28,24417600000.0,0.62,6.54%,0.2178843007076125,0.0218890131953948,1.9666665395100789,0.5392448426681191
ELET5,96.57,50.76,1.98,6.076,0.00%,0.843,13.56,22.08,-2.09,26.34,19.25,27.52%,11.78%,1.57,4.13%,3.90%,1.902482269503546,50.76,112582000000.0,0.54,6.61%,0.2172937885451011,0.021801003383165,1.9587396861487352,0.5292661101880578
TXRX3,9.5,7.82,-0.12,0.358,0.00%,0.214,-0.23,-2.15,-0.09,-18.1,-20.75,-16.64%,4.58%,0.3,-10.32%,-1.58%,1.2148337595907928,7.82,-328381000.0,-0.91,10.42%,0.2112641812658704,0.0963025281279644,1.878787920385248,0.6410060287301853
CSUD3,19.71,8.91,1.84,1.535,5.50%,1.225,20.81,6.93,-24.74,6.99,4.57,22.15%,17.23%,1.26,21.92%,20.67%,2.2121212121212124,8.91,447312000.0,0.22,5.40%,0.2089496592458333,0.0278284549497954,1.8485715048653804,0.4903117351402039
MILS3,11.26,9.85,1.82,1.955,2.88%,0.899,3.75,5.58,-8.11,6.52,4.47,35.01%,19.88%,2.55,22.82%,18.47%,1.1431472081218275,9.85,1511550000.0,0.78,33.42%,0.1977403886964845,0.0343116415426019,1.7058823529411835,0.4742925658350322
EALT3,10.93,4.53,0.98,0.477,4.22%,0.431,9.86,4.03,-2.83,5.9,4.36,11.85%,10.53%,1.12,11.46%,21.53%,2.4128035320088297,4.53,252047000.0,0.5,20.66%,0.1966337133470872,0.0784297787767117,1.6921183397093658,0.5069640713161729
EMAE4,47.2,11.32,1.57,2.819,4.44%,0.823,2.27,29.04,-22.61,21.77,19.48,9.71%,24.90%,5.73,3.59%,13.87%,4.169611307420495,11.32,1110980000.0,0.0,8.83%,0.1948723031917663,0.0312369858685847,1.6703294745506274,0.4661816375301441
BSLI4,10.11,17.91,1.42,0.0,1.79%,0.0,0.0,0.0,0.0,0.0,0.0,0.00%,0.00%,0.0,0.00%,7.93%,0.5644891122278056,17.91,2582440000.0,0.0,5.39%,0.1945133715425924,0.0771113733041943,1.665907203966159,0.4765480948702095
BSLI3,10.02,17.76,1.41,0.0,1.65%,0.0,0.0,0.0,0.0,0.0,0.0,0.00%,0.00%,0.0,0.00%,7.93%,0.5641891891891891,17.76,2582440000.0,0.0,5.39%,0.1933466483718793,0.0598456228029384,1.651573820624289,0.4361946456626058
MGEL4,13.12,3.82,2.25,0.083,0.00%,0.102,0.46,1.08,-0.22,9.25,7.12,7.62%,2.16%,1.82,10.47%,58.79%,3.4345549738219896,3.82,33770000.0,18.85,15.35%,0.188941187498451,0.0392967610405149,1.5980196811932976,0.4725481244721881
CEBR5,18.38,7.59,1.26,3.732,10.33%,0.894,1.86,10.72,2.04,5.11,4.8,34.81%,63.31%,8.05,16.00%,16.60%,2.421607378129117,7.59,1051840000.0,0.0,-41.30%,0.1872305383295249,0.0318530430445941,1.577464715896714,0.4603393341346699
JBSS3,30.82,33.55,1.55,0.187,0.00%,0.335,2.24,7.14,-0.84,15.41,7.23,2.62%,0.68%,1.68,6.01%,4.61%,0.9186289120715351,33.55,44205300000.0,2.19,13.88%,0.1864480010044344,0.0259424829522385,1.5681063267657351,0.4474299265795346
RPAD6,8.75,45.56,0.68,0.0,0.00%,0.679,14.43,-136.99,14.46,-127.11,-127.11,0.00%,0.00%,14.69,-0.52%,1.50%,0.192054433713784,45.56,1087490000.0,0.0,-90.37%,0.1862700707678533,0.0390256337675858,1.565982340105561,0.4466206094663479
EALT4,11.11,4.61,0.99,0.485,4.57%,0.438,10.03,4.1,-2.88,5.96,4.41,11.85%,10.53%,1.12,11.46%,21.53%,2.40997830802603,4.61,252047000.0,0.5,20.66%,0.1835838496467354,0.0269740115528766,1.53409076746832,0.4425320246010281
EQPA7,8.24,8.16,3.59,1.744,9.22%,1.245,12.64,5.56,-3.47,6.68,5.89,31.34%,21.37%,1.5,26.38%,43.96%,1.0098039215686274,8.16,5075140000.0,0.96,17.69%,0.178487259616997,0.0433684176218775,1.4744744624341115,0.4524017993374304
SBSP3,85.1,16.16,1.9,2.2,1.69%,0.894,29.64,8.87,-2.45,11.28,7.82,24.82%,13.62%,1.23,11.24%,11.73%,5.266089108910891,16.16,30680700000.0,0.72,10.17%,0.1765265437503724,0.0246140104147953,1.451847519986091,0.4299626641786851
BRIV3,12.86,71.86,0.68,0.0,0.00%,0.0,0.0,0.0,0.0,0.0,0.0,0.00%,0.00%,0.0,0.00%,0.95%,0.17895908711383243,71.86,1671490000.0,0.0,-44.72%,0.1763243413789301,0.0435501161113577,1.4495237441289928,0.4294211557298994
ETER3,6.23,3.65,0.5,0.35,6.76%,0.3,1.26,7.62,6.82,9.88,5.44,4.60%,9.59%,2.16,4.22%,13.69%,1.7068493150684934,3.65,769884000.0,0.17,22.63%,0.1720646971119068,0.0486727366021166,1.4009880042190153,0.4762653058184835
PATI3,25.06,25.48,0.7,0.326,0.18%,0.376,0.83,9.3,1.33,10.02,8.29,3.50%,1.28%,2.52,6.64%,2.75%,0.9835164835164835,25.48,855442000.0,0.47,13.99%,0.1703537867132687,0.0316530500587828,1.3817163556169558,0.4146281703729776
MOAR3,395.0,5.24,3.06,0.0,7.37%,1.601,3.77,-193.23,30.0,-157.83,-162.49,0.00%,0.00%,5.04,-1.71%,58.43%,75.38167938931298,5.24,1581850000.0,0.42,-99.45%,0.169520157463564,0.0185347549830387,1.3723723723723755,0.4405495225684053
RADL3,25.14,41.11,7.11,1.229,1.15%,2.091,11.86,20.45,-17.43,21.6,11.96,6.01%,3.08%,1.43,14.42%,17.30%,0.611530041352469,41.11,6071650000.0,0.47,18.06%,0.1639033708991986,0.0196968322284852,1.3101941302194868,0.4157057181517496
BEES4,9.71,8.33,1.35,0.0,6.74%,0.0,0.0,0.0,0.0,0.0,0.0,0.00%,0.00%,0.0,0.00%,16.21%,1.1656662665066027,8.33,2271980000.0,0.0,12.49%,0.1631888637138436,0.0201752929837111,1.3023810751043587,0.4104197034936134
CURY3,21.95,12.06,6.37,2.048,9.96%,1.877,5.02,8.96,33.26,8.38,8.08,22.86%,17.76%,2.09,32.10%,52.79%,1.820066334991708,12.06,1006210000.0,0.6,35.00%,0.1609475307296171,0.0264693923074159,1.278012595154463,0.5599827771779118
EQTL3,33.63,17.67,1.81,0.951,1.33%,0.385,6.24,4.23,-0.75,8.07,6.66,22.51%,7.78%,1.36,10.50%,10.24%,1.9032258064516128,17.67,21396000000.0,2.07,22.45%,0.1570357935707602,0.0185215316046495,1.235988946926374,0.4023854278469745
BEES3,8.99,7.71,1.25,0.0,7.28%,0.0,0.0,0.0,0.0,0.0,0.0,0.00%,0.00%,0.0,0.00%,16.21%,1.1660181582360571,7.71,2271980000.0,0.0,12.49%,0.150874248145342,0.0145050704016594,1.1710843426099022,0.417527292341066
VULC3,15.24,8.37,2.09,1.472,18.83%,1.44,2.95,7.82,3.47,7.54,6.35,18.82%,17.58%,3.04,24.19%,24.97%,1.82078853046595,8.37,2002700000.0,0.21,25.98%,0.1495332577376775,0.0264341934935788,1.1571650696372795,0.3737405668551048
EKTR3,38.69,7.8,2.32,0.861,21.55%,0.646,11.04,3.63,-1.6,5.9,5.01,23.73%,11.03%,1.23,21.22%,29.71%,4.96025641025641,7.8,3235000000.0,1.79,7.24%,0.1487863837635668,0.0337037491695971,1.1494443681504989,0.3662310112197209
ENAT3,22.37,131.1,1.43,3.381,0.00%,0.676,4.27,24.63,-2.89,29.13,6.56,13.73%,2.58%,2.17,3.74%,1.09%,0.1706331045003814,131.1,4154130000.0,0.74,17.84%,0.146441447863844,0.0327997370292072,1.1253508143299515,0.3893529114786171
JHSF3,4.25,5.76,0.58,1.884,8.20%,0.241,1.38,5.08,-0.99,9.74,8.92,37.06%,36.13%,2.33,5.35%,10.10%,0.7378472222222222,5.76,4959010000.0,0.81,20.75%,0.1464071439952627,0.0311837250166522,1.125000000000017,0.3794570114591307
TASA4,12.43,11.55,1.4,0.886,3.25%,0.723,4.24,8.84,10.11,10.4,8.65,10.02%,7.67%,1.45,9.80%,12.09%,1.0761904761904761,11.55,1128000000.0,0.47,12.69%,0.1428252079307528,0.0399575189095516,1.088628717605478,0.4109716465400461
TECN3,5.29,5.93,0.88,1.008,3.00%,0.548,1.07,5.9,2.07,5.52,6.6,17.08%,17.00%,4.94,12.22%,14.89%,0.8920741989881956,5.93,396632000.0,0.23,7.10%,0.1427416383884421,0.0389560022713825,1.0877862706564168,0.4051050524642684
SLCE3,19.12,14.62,1.71,1.054,4.63%,0.55,2.85,5.87,-3.06,8.02,6.91,17.96%,7.36%,1.67,11.33%,11.73%,1.307797537619699,14.62,4943790000.0,1.01,29.06%,0.1419258232796179,0.0228303140146474,1.0795768148246956,0.3505126534670696
FESA3,13.68,16.53,1.5,2.169,3.44%,1.181,4.32,18.71,7.34,17.03,9.31,11.59%,13.13%,3.82,7.88%,9.05%,0.8275862068965516,16.53,3231320000.0,0.08,18.14%,0.141635365406811,0.0325016770591495,1.0766603578185985,0.372395930234612
TRPL3,34.41,8.29,1.26,3.423,6.41%,0.597,4.95,6.63,-1.79,8.85,8.78,51.66%,42.17%,3.08,9.79%,15.18%,4.150784077201448,8.29,18016200000.0,0.58,18.52%,0.1361876256184007,0.0197092836949564,1.022577460278439,0.3367497422544611
EKTR4,39.5,7.96,2.37,0.879,23.22%,0.66,11.27,3.7,-1.63,5.98,5.07,23.73%,11.03%,1.23,21.22%,29.71%,4.9623115577889445,7.96,3235000000.0,1.79,7.24%,0.1351854567051704,0.0290398476219913,1.0127551017925716,0.3490504907906826
CGAS5,112.65,5.91,17.32,1.005,10.74%,0.996,546.25,5.53,-1.76,7.59,6.21,18.18%,17.00%,1.0,23.96%,292.91%,19.060913705583758,5.91,861744000.0,9.4,17.30%,0.1345355998809934,0.0258259580910023,1.0064066889328318,0.3370365954139161
BRIV4,12.54,70.08,0.66,0.0,5.22%,0.0,0.0,0.0,0.0,0.0,0.0,0.00%,0.00%,0.0,0.00%,0.95%,0.17893835616438356,70.08,1671490000.0,0.0,-44.72%,0.1325717725074284,0.0280813666641122,0.9873217235449244,0.3377545164278088
TKNO4,70.0,5.12,0.7,0.733,5.92%,0.551,1.43,5.39,1.59,3.81,3.27,13.60%,14.33%,3.23,13.64%,13.66%,13.671875,5.12,295436000.0,0.01,16.74%,0.1299300398579894,0.021296978399042,0.9618833912914968,0.3206280980943362
UNIP6,51.55,9.95,2.33,1.31,5.36%,0.829,2.62,8.1,-5.87,8.61,6.34,16.17%,13.22%,2.73,16.08%,23.37%,5.180904522613066,9.95,2532350000.0,1.04,12.95%,0.1286243803617419,0.0264458767189123,0.9494094668468672,0.3302752712262424
PINE4,4.3,4.24,0.84,0.0,10.61%,0.0,0.0,0.0,0.0,0.0,0.0,0.00%,0.00%,0.0,0.00%,19.75%,1.0141509433962264,4.24,1079860000.0,0.0,55.65%,0.1269315427306054,0.03819292898921,0.9333332909478104,0.3702267593377016
UNIP3,50.98,9.84,2.3,1.296,4.93%,0.82,2.6,8.01,-5.81,8.52,6.27,16.17%,13.22%,2.73,16.08%,23.37%,5.180894308943089,9.84,2532350000.0,1.04,12.95%,0.1261580993679121,0.0215779196271482,0.9260244349548244,0.3103352729332104
UNIP5,51.16,9.88,2.31,1.301,5.40%,0.823,2.6,8.04,-5.83,8.55,6.29,16.17%,13.22%,2.73,16.08%,23.37%,5.178137651821862,9.88,2532350000.0,1.04,12.95%,0.1253958862222279,0.0291060978557256,0.9188438491829582,0.3342987271656701
ALUP4,10.36,13.71,1.29,2.982,3.79%,0.341,4.38,4.27,-0.8,8.08,7.55,69.80%,35.31%,1.67,8.97%,9.42%,0.7556528081692194,13.71,7622200000.0,1.54,-12.15%,0.1244094512657927,0.0209966944073446,0.9095834879833526,0.3054303043558701
ORVR3,41.91,31.4,4.75,4.364,0.00%,1.514,10.86,20.75,-3.78,25.93,14.07,21.04%,15.51%,2.2,8.47%,15.14%,1.3347133757961782,31.4,731548000.0,1.55,30.06%,0.123882882085293,0.0222452910446522,0.9046552108974112,0.5133374348062254
ROMI3,10.98,7.01,0.87,0.869,6.56%,0.453,1.33,11.58,3.34,16.45,10.1,7.51%,12.46%,2.25,4.71%,12.40%,1.566333808844508,7.01,1177370000.0,0.62,12.35%,0.1227083246969362,0.0337838169343789,0.8936997816414693,0.3510079865613346
ENGI3,15.25,14.57,2.29,1.165,1.99%,0.492,8.45,4.96,-1.07,8.26,6.69,23.48%,10.71%,1.28,11.84%,15.72%,1.0466712422786548,14.57,15247500000.0,2.12,11.07%,0.1186020872974804,0.0277541067053337,0.8558043890703866,0.3089939543665613
PTNT4,6.24,13.57,0.77,0.401,3.40%,0.354,1.15,8.6,5.39,11.7,6.13,4.66%,5.89%,2.5,5.58%,5.70%,0.45983787767133383,13.57,387672000.0,0.66,9.50%,0.1179838462285902,0.0271612954048497,0.850152974319182,0.30732596815734
UGPA3,23.0,9.83,1.86,0.204,2.83%,0.701,3.83,4.79,-4.53,6.73,5.54,4.25%,2.14%,1.68,18.99%,18.87%,2.3397761953204474,9.83,13828200000.0,1.04,12.80%,0.1164033693950983,0.0431104711117589,0.8357696720549523,0.3176487573024455
JOPA4,34.98,21.28,0.63,0.175,1.36%,0.165,0.42,3.05,2.84,8.15,7.27,5.73%,1.09%,2.18,7.77%,2.97%,1.6437969924812028,21.28,585855000.0,2.14,14.71%,0.1161346525850974,0.0225671463972625,0.8333333166723556,0.2649961195702975
EQPA5,9.0,8.91,3.92,1.905,8.44%,1.36,13.81,6.08,-3.79,7.19,6.34,31.34%,21.37%,1.5,26.38%,43.96%,1.0101010101010102,8.91,5075140000.0,0.96,17.69%,0.1136426681866547,0.0399038923226856,0.8108652675924832,0.3287386486348339
ALUP11,31.4,13.86,1.31,3.012,3.75%,0.344,4.43,4.32,-0.81,8.12,7.59,69.80%,35.31%,1.67,8.97%,9.42%,2.2655122655122657,13.86,7622200000.0,1.54,-12.15%,0.1131372402482935,0.0149799571963778,0.806335882805461,0.2700134150191687
EMBR3,39.72,22.72,2.11,1.096,0.00%,0.546,2.95,13.72,-3.15,16.4,10.57,7.99%,4.93%,1.51,5.15%,9.30%,1.7482394366197183,22.72,13924100000.0,0.94,21.18%,0.1125740503173386,0.0315727752908728,0.8012997951681189,0.3213754106920677
SMTO3,32.37,7.59,1.63,1.627,3.88%,0.55,3.32,10.41,-1.54,16.23,5.1,15.62%,21.42%,2.18,6.40%,21.51%,4.264822134387352,7.59,6862370000.0,1.37,18.28%,0.1083375404975972,0.0268720518028764,0.7637838415197358,0.2942945104541227
TASA3,12.56,11.67,1.41,0.895,3.21%,0.731,4.29,8.93,10.21,10.49,8.73,10.02%,7.67%,1.45,9.80%,12.09%,1.0762639245929735,11.67,1128000000.0,0.47,12.69%,0.1064840460526224,0.0378562317139582,0.7475728591962718,0.3616764812826553
FESA4,8.9,10.76,0.97,1.411,5.81%,0.769,2.81,12.17,4.78,10.49,5.73,11.59%,13.13%,3.82,7.88%,9.05%,0.8271375464684015,10.76,3231320000.0,0.08,18.14%,0.103469749000612,0.0265497455022316,0.7214699201532935,0.2727409895748972
CEEB5,39.0,5.65,1.48,0.676,12.84%,0.358,-11.98,2.59,-0.65,5.97,4.87,26.11%,11.96%,0.87,15.08%,26.20%,6.902654867256636,5.65,6904000000.0,2.11,10.28%,0.1001913582720568,0.0238364103642287,0.6934432842902647,0.2472113979974882
CGAS3,109.71,5.76,16.87,0.979,10.03%,0.97,531.99,5.39,-1.71,7.44,6.09,18.18%,17.00%,1.0,23.96%,292.91%,19.046875,5.76,861744000.0,9.4,17.30%,0.0997923254637511,0.0312032520720971,0.6900576493258181,0.283918964770278
EUCA3,16.44,3.82,0.62,0.577,5.09%,0.366,2.25,4.01,-7.27,5.58,3.36,14.37%,15.10%,1.83,9.95%,16.18%,4.303664921465969,3.82,2463670000.0,0.3,14.57%,0.0993505513791985,0.0687336094887003,0.6863158376593319,0.4327867440945924
AGRO3,26.74,11.6,1.4,2.503,12.01%,0.822,4.41,14.63,-16.73,19.11,12.98,17.10%,21.58%,2.04,6.48%,12.09%,2.3051724137931036,11.6,1957410000.0,0.54,11.74%,0.0988556001587073,0.0207312351366871,0.6821316767741197,0.2352675092472919
GGBR3,15.95,5.3,0.65,0.508,6.69%,0.437,1.76,4.23,6.87,4.87,3.49,12.00%,9.62%,2.79,12.25%,12.21%,3.009433962264151,5.3,51919400000.0,0.21,16.55%,0.0930074489722621,0.0233580665537356,0.6333334397578572,0.2328683339795648
CAMB3,10.9,6.38,1.82,1.012,2.82%,1.26,4.63,4.56,7.07,4.28,3.82,22.18%,15.87%,2.27,32.95%,28.58%,1.7084639498432603,6.38,252806000.0,0.04,30.48%,0.0926962155697188,0.0317228245054581,0.6307692894568802,0.3220256480994961
CMIG3,12.83,6.65,1.44,0.985,6.45%,0.639,18.75,4.99,-2.13,5.96,5.06,19.76%,14.82%,1.15,14.64%,21.72%,1.9293233082706767,6.65,25414600000.0,0.46,11.07%,0.0921200328537112,0.0245206279335611,0.6260310067636741,0.2397245420948421
CRIV3,6.98,39.11,0.68,0.0,0.00%,0.0,0.0,0.0,0.0,0.0,0.0,0.00%,0.00%,0.0,0.00%,1.74%,0.17847097928918437,39.11,1058750000.0,0.0,-0.10%,0.0917819181108632,0.0484926110508559,0.623255746386516,0.3560280419219893
PATI4,33.0,33.55,0.92,0.429,6.39%,0.495,1.1,12.25,1.76,12.97,10.73,3.50%,1.28%,2.52,6.64%,2.75%,0.9836065573770493,33.55,855442000.0,0.47,13.99%,0.0902620302805903,0.0330057495327722,0.6108282941135368,0.2560371792309687
PETR4,38.07,4.51,1.22,1.012,16.90%,0.465,41.08,2.22,-1.01,3.24,2.42,45.57%,22.56%,1.08,23.30%,27.02%,8.441241685144124,4.51,407636000000.0,0.76,19.89%,0.0885912319221411,0.0284050896215639,0.5972569059934814,0.2624388179098299
CLSC4,77.51,5.24,0.96,0.288,3.93%,0.24,-22.68,3.17,-0.52,5.61,4.17,9.06%,5.49%,0.96,8.87%,18.30%,14.791984732824428,5.24,3120450000.0,1.02,6.21%,0.0883350391962447,0.0213909217646173,0.5951842332336839,0.2074719558650285
ELET3,38.23,20.09,0.78,2.405,1.06%,0.334,5.37,8.74,-0.83,13.0,9.5,27.52%,11.78%,1.57,4.13%,3.90%,1.9029367844698855,20.09,112582000000.0,0.54,6.61%,0.0874046881664902,0.0297439857596291,0.5876759351327279,0.2600894490889732
CSAN3,14.03,14.56,1.27,0.663,3.22%,0.184,1.88,3.55,-0.44,10.23,6.95,18.65%,14.03%,1.79,6.02%,8.74%,0.963598901098901,14.56,20676800000.0,3.18,36.66%,0.0861493808380406,0.0239716372820906,0.5775909941517596,0.219657107517973
ALUP3,10.74,14.22,1.34,3.091,3.66%,0.353,4.54,4.43,-0.83,8.24,7.69,69.80%,35.31%,1.67,8.97%,9.42%,0.7552742616033755,14.22,7622200000.0,1.54,-12.15%,0.0849988935719627,0.0201882273986126,0.5683942808650317,0.189782142634463
POMO3,5.1,6.54,1.62,0.867,8.50%,0.722,2.35,6.44,17.67,7.72,6.6,13.47%,13.33%,2.08,15.39%,24.84%,0.7798165137614679,6.54,3566490000.0,0.74,15.28%,0.0846167930311225,0.0257554117001758,0.5653495912099618,0.2318409977591563
CLSC3,72.0,4.86,0.89,0.267,3.85%,0.223,-21.07,2.95,-0.48,5.39,4.0,9.06%,5.49%,0.96,8.87%,18.30%,14.814814814814813,4.86,3120450000.0,1.02,6.21%,0.0846001885115452,0.021254499891453,0.5652173913043483,0.1955191453548246
TRPL4,27.52,6.63,1.01,2.738,8.01%,0.478,3.96,5.3,-1.43,7.53,7.47,51.66%,42.17%,3.08,9.79%,15.18%,4.150829562594269,6.63,18016200000.0,0.58,18.52%,0.0842316708883015,0.0149636385894436,0.5622857230050273,0.157452200425795
KLBN4,4.16,13.15,2.27,1.459,5.07%,0.453,2.23,7.0,-1.02,12.89,6.62,20.85%,11.61%,2.79,8.63%,17.29%,0.3163498098859316,13.15,11310500000.0,2.96,16.49%,0.0836945407241964,0.0196013627349593,0.5580207443560958,0.1832274818571755
USIM6,14.0,18.84,0.74,0.659,2.02%,0.445,1.43,126.23,4.13,128.42,14.22,0.52%,4.25%,3.55,0.45%,3.91%,0.743099787685775,18.84,23843300000.0,0.25,17.54%,0.0833835263281881,0.0266220615637582,0.5555555555555549,0.2235969883021075
RAPT3,10.16,9.8,1.16,0.311,5.73%,0.247,0.89,2.59,-2.29,4.93,4.0,12.00%,5.91%,1.89,13.64%,11.87%,1.036734693877551,9.8,2875310000.0,2.09,23.40%,0.0812755592165974,0.025326702625775,0.5389312412485816,0.222759706839291
POMO4,6.43,8.25,2.05,1.093,6.74%,0.911,2.97,8.12,22.28,9.4,8.04,13.47%,13.33%,2.08,15.39%,24.84%,0.7793939393939393,8.25,3566490000.0,0.74,15.28%,0.0811232758858724,0.0276194392082223,0.5377359275675295,0.2363748355776417
PETR3,40.77,4.83,1.3,1.084,15.78%,0.498,44.0,2.38,-1.08,3.39,2.54,45.57%,22.56%,1.08,23.30%,27.02%,8.440993788819876,4.83,407636000000.0,0.76,19.89%,0.0806893328209068,0.0290132827300424,0.5343339577842536,0.2504789875054387
TAEE4,11.69,10.79,1.71,3.553,10.60%,0.616,17.54,6.3,-1.31,10.84,10.74,56.36%,32.93%,1.26,10.40%,15.87%,1.0834105653382762,10.79,7056880000.0,1.38,5.29%,0.0802479956460779,0.013731948333966,0.5308803435132319,0.1343026183957838
RENT3,45.25,24.05,1.87,1.577,3.45%,0.607,19.83,7.92,-1.35,13.05,7.38,19.91%,6.55%,1.16,9.69%,7.76%,1.8814968814968815,24.05,26001000000.0,1.61,33.58%,0.0785947294354536,0.0281834292566084,0.5179994965394494,0.2316049336588138
SAPR4,5.49,5.31,0.82,1.269,5.07%,0.418,6.0,3.06,-1.33,4.71,3.98,41.54%,23.91%,1.66,15.44%,15.44%,1.033898305084746,5.31,10123600000.0,0.63,7.98%,0.0785700859814448,0.0207277239989705,0.5178081690694718,0.1762548436955863
RPAD5,8.6,44.78,0.67,0.0,7.09%,0.667,14.18,-134.64,14.21,-124.76,-124.76,0.00%,0.00%,14.69,-0.52%,1.50%,0.19205002233139792,44.78,1087490000.0,0.0,-90.37%,0.0780899764508722,0.0283682995182168,0.5140846199611906,0.2276142704408325
CSRN6,24.72,6.94,2.44,1.163,11.22%,0.727,67.01,4.48,-1.53,6.92,5.85,25.95%,16.77%,1.05,18.36%,35.17%,3.5619596541786738,6.94,1703000000.0,1.55,9.35%,0.0757922826784442,0.044614604590648,0.4963679557125664,0.3201005980145676
GGBR4,17.88,5.95,0.73,0.569,5.97%,0.49,1.97,4.74,7.71,5.38,3.86,12.00%,9.62%,2.79,12.25%,12.21%,3.0050420168067222,5.95,51919400000.0,0.21,16.55%,0.0742596125545071,0.0261350742829876,0.4846447540011112,0.2079549490984913
CEEB3,39.3,5.69,1.49,0.681,12.74%,0.361,-12.08,2.61,-0.65,5.99,4.89,26.11%,11.96%,0.87,15.08%,26.20%,6.906854130052723,5.69,6904000000.0,2.11,10.28%,0.073313221856804,0.0174079819512202,0.4774435591526529,0.1356527227216596
GOAU4,10.52,5.05,0.61,0.164,13.61%,0.141,0.56,1.37,2.08,1.97,1.41,11.98%,9.67%,2.82,12.21%,12.16%,2.0831683168316832,5.05,17694200000.0,0.62,16.55%,0.0727885679038347,0.0261495555061133,0.473463745191004,0.2060102648701874
LOGG3,23.74,10.49,0.61,11.144,3.09%,0.364,7.57,15.79,-1.28,27.89,27.11,70.59%,106.85%,1.67,2.40%,5.86%,2.2631077216396567,10.49,3754330000.0,0.52,15.28%,0.0724133860937004,0.0319680020750192,0.4706231528574069,0.2480319053943503
BRAP3,18.45,4.93,0.88,0.0,14.63%,0.877,11.1,-338.91,11.14,-305.69,-305.69,0.00%,0.00%,12.26,-0.28%,17.91%,3.742393509127789,4.93,8214080000.0,0.0,0.00%,0.0705369185277113,0.0243980142236533,0.456483165595267,0.1860649471610142
CMIG4,10.46,5.42,1.18,0.803,7.91%,0.521,15.29,4.07,-1.74,5.04,4.28,19.76%,14.82%,1.15,14.64%,21.72%,1.9298892988929892,5.42,25414600000.0,0.46,11.07%,0.0685799179401007,0.0223812875583999,0.4418551039851608,0.1632630192589247
TAEE11,34.89,10.73,1.7,3.535,10.66%,0.612,17.45,6.27,-1.31,10.81,10.71,56.36%,32.93%,1.26,10.40%,15.87%,3.2516309412861135,10.73,7056880000.0,1.38,5.29%,0.0673709930855357,0.0129266109063656,0.4328789730916509,0.0699077440175913
CXSE3,14.3,11.84,3.19,0.0,7.46%,2.886,41.96,-357.97,42.12,-347.42,-347.44,0.00%,0.00%,1.71,-0.88%,26.98%,1.2077702702702704,11.84,13429400000.0,0.0,0.00%,0.0669238283037907,0.0191613776480448,0.4295704388025951,0.2837691763772421
GOAU3,10.77,5.17,0.63,0.168,13.29%,0.144,0.57,1.4,2.13,2.01,1.44,11.98%,9.67%,2.82,12.21%,12.16%,2.083172147001934,5.17,17694200000.0,0.62,16.55%,0.0663228445959638,0.0236718653720411,0.4251336658061255,0.1710139826885305
INEP3,2.0,0.18,-0.07,12.521,0.00%,0.077,-0.09,-1.28,-0.04,-14.18,-15.9,-978.95%,6924.44%,0.09,-6.37%,-41.29%,11.11111111111111,0.18,-1182760000.0,-0.76,-4.42%,0.0656649783192273,0.056845996202786,0.4202898876227852,0.4145280400480194
CSNA3,12.89,924.51,0.99,0.39,11.32%,0.186,2.32,2.83,-0.43,7.79,4.95,13.77%,1.70%,1.29,8.82%,0.11%,0.013942520902964814,924.51,17297400000.0,2.68,14.14%,0.0647643874394081,0.0342444668818958,0.4136808256065174,0.2547187797046492
KLBN11,20.82,13.16,2.28,1.46,5.07%,0.453,2.23,7.0,-1.02,12.89,6.63,20.85%,11.61%,2.79,8.63%,17.29%,1.582066869300912,13.16,11310500000.0,2.96,16.49%,0.0638322812120808,0.0193938624253372,0.4068670235681284,0.1217064917101919
CSRN3,22.5,6.31,2.22,1.059,11.21%,0.662,60.99,4.08,-1.4,6.52,5.51,25.95%,16.77%,1.05,18.36%,35.17%,3.5657686212361335,6.31,1703000000.0,1.55,9.35%,0.0601718119295648,0.0272558596052787,0.3803681627691586,0.1879233703016228
PTNT3,9.47,20.59,1.17,0.609,2.24%,0.538,1.75,13.06,8.17,16.15,8.47,4.66%,5.89%,2.5,5.58%,5.70%,0.4599320058280719,20.59,387672000.0,0.66,9.50%,0.060045050068868,0.0394077554772275,0.3794578831042914,0.2661488928756454
PFRM3,5.61,9.01,0.55,0.078,6.88%,0.132,0.65,3.16,6.4,5.93,3.5,2.47%,0.96%,1.38,7.55%,6.15%,0.6226415094339623,9.01,1254510000.0,0.72,15.96%,0.0597721789399867,0.0296059024560253,0.3775000572204516,0.2035014228016949
RRRP3,27.8,42.59,1.27,0.948,1.38%,0.33,8.93,3.85,-0.59,8.78,6.12,24.59%,2.54%,1.27,9.64%,2.97%,0.6527353838929326,42.59,5278920000.0,1.81,169.63%,0.0596340257370555,0.0309024397297408,0.3765096882221526,0.2764454684087749
SUZB3,52.45,7.54,1.53,1.803,2.25%,0.477,2.92,8.1,-1.09,15.21,8.03,22.27%,23.94%,2.89,7.07%,20.33%,6.956233421750664,7.54,44603800000.0,1.77,11.85%,0.0585351436446799,0.0239086143250643,0.3686529512811831,0.1495820069776063
BMIN3,20.0,12.25,0.71,0.0,6.36%,0.0,0.0,0.0,0.0,0.0,0.0,0.00%,0.00%,0.0,0.00%,5.77%,1.6326530612244898,12.25,136460000.0,0.0,26.60%,0.0571350180928698,0.0461224679524552,0.3586956275264343,0.2770977012878519
BEEF3,6.67,40.37,186.41,0.146,2.91%,0.124,0.37,1.94,-0.39,6.26,4.98,7.53%,0.34%,2.02,16.23%,461.76%,0.1652216992816448,40.37,21730000.0,1141.0,13.54%,0.0563751071890865,0.0282463220972776,0.3533162230341498,0.1873590767994078
RECV3,20.59,9.75,1.3,2.128,9.73%,0.878,109.91,8.9,-5.9,9.17,4.69,23.90%,21.81%,1.05,11.35%,13.32%,2.1117948717948716,9.75,4651430000.0,0.19,37.67%,0.056272432114707,0.0301299679805768,0.3525907259826812,0.2883637509866693
ABCB4,22.5,6.22,0.9,0.0,6.68%,0.0,0.0,0.0,0.0,0.0,0.0,0.00%,0.00%,0.0,0.00%,14.41%,3.617363344051447,6.22,6138130000.0,0.0,55.27%,0.0559069841093287,0.0213287825192919,0.3500110714482847,0.1175336232901688
EGIE3,45.78,8.83,3.47,3.577,5.10%,0.822,12.85,7.06,-1.49,10.08,8.55,50.67%,40.52%,1.51,13.51%,39.26%,5.184597961494904,8.83,10778800000.0,1.97,-0.19%,0.0545769014414279,0.0151399392228374,0.3406561592277466,0.0408985379129997
HOOT4,2.56,0.93,-0.36,0.318,0.00%,0.09,-0.27,1.73,-0.08,1.07,0.77,18.39%,34.13%,0.31,5.59%,-39.20%,2.7526881720430105,0.93,-128896000.0,-0.01,31.90%,0.0545281278065548,0.0450243949112972,0.3403141295902399,0.2900257611706131
SAPR11,26.97,5.21,0.81,1.247,5.06%,0.411,5.89,3.0,-1.31,4.65,3.93,41.54%,23.91%,1.66,15.44%,15.44%,5.176583493282149,5.21,10123600000.0,0.63,7.98%,0.0539224006334515,0.0203236063416031,0.336072361266948,0.100727055114932
BRAP4,18.97,5.07,0.91,0.0,15.65%,0.901,11.42,-348.46,11.46,-315.24,-315.24,0.00%,0.00%,12.26,-0.28%,17.91%,3.7416173570019717,5.07,8214080000.0,0.0,0.00%,0.0534352510308087,0.0243577963406412,0.3326689441415331,0.1432219562806475
AFLT3,7.2,17.73,1.74,7.573,8.09%,1.522,8.88,14.94,14.95,14.49,14.39,50.70%,42.71%,4.16,10.80%,9.80%,0.40609137055837563,17.73,261489000.0,0.0,18.27%,0.052467062790009,0.0715306211292065,0.3259258742522137,0.342019126427368
ELET6,42.64,22.41,0.87,2.683,4.28%,0.372,5.99,9.75,-0.92,14.01,10.24,27.52%,11.78%,1.57,4.13%,3.90%,1.9027219991075413,22.41,112582000000.0,0.54,6.61%,0.0522690997943946,0.0253534192687244,0.3245505816940546,0.1496137878086854
PORT3,15.62,16.33,2.8,2.751,5.12%,1.156,53.75,10.26,-2.79,13.77,9.64,26.83%,17.01%,1.14,12.30%,17.14%,0.9565217391304348,16.33,2454870000.0,1.1,-3.23%,0.0511242212872191,0.0161955481812969,0.3166197472322403,0.2432514846979032
GGPS3,17.25,17.66,3.68,1.042,1.84%,1.106,3.88,11.32,-6.35,12.24,9.66,9.20%,5.95%,2.19,12.27%,20.83%,0.9767836919592299,17.66,3165810000.0,0.92,24.55%,0.0500765538629814,0.0226804951713056,0.3093964239763505,0.2123523698145454
TIMS3,16.1,13.24,1.56,1.605,6.30%,0.717,-15.98,7.55,-2.05,7.52,3.17,21.27%,12.12%,0.81,10.98%,11.77%,1.2160120845921452,13.24,25025200000.0,0.13,9.66%,0.0492475529006433,0.0189389174282704,0.3037037571943624,0.0706104247207279
BMIN4,15.61,9.56,0.55,0.0,8.97%,0.0,0.0,0.0,0.0,0.0,0.0,0.00%,0.00%,0.0,0.00%,5.77%,1.6328451882845187,9.56,136460000.0,0.0,26.60%,0.0485118591465894,0.036911675390835,0.2986688071708661,0.2376601935031748
LEVE3,33.1,5.88,4.05,1.034,23.25%,1.438,5.62,5.54,-105.25,6.14,5.46,18.67%,17.57%,1.68,35.32%,68.84%,5.629251700680272,5.88,1107580000.0,0.82,17.50%,0.0483429165763258,0.0261896147272672,0.2975148466435386,0.1493977905798983
CSRN5,21.2,5.95,2.09,0.998,13.09%,0.623,57.47,3.84,-1.32,6.28,5.31,25.95%,16.77%,1.05,18.36%,35.17%,3.5630252100840334,5.95,1703000000.0,1.55,9.35%,0.0476341844964178,0.0258184389104044,0.292683003418227,0.1388920381694837
TXRX4,2.39,1.97,-0.03,0.09,0.00%,0.054,-0.06,-0.54,-0.02,-16.49,-18.91,-16.64%,4.58%,0.3,-10.32%,-1.58%,1.2131979695431472,1.97,-328381000.0,-0.91,10.42%,0.0468409908718501,0.0862258813195327,0.2872928162240582,0.4442037183028973
RAIL3,22.35,40.83,2.58,3.543,0.41%,0.822,6.69,10.4,-1.84,13.5,8.62,34.07%,8.71%,2.13,9.46%,6.33%,0.547391623806025,40.83,16050700000.0,1.24,14.81%,0.046409118338754,0.0234317509567563,0.2843657509068023,0.1126745083720967
TAEE3,11.55,10.66,1.69,3.51,10.73%,0.608,17.33,6.23,-1.3,10.76,10.67,56.36%,32.93%,1.26,10.40%,15.87%,1.0834896810506567,10.66,7056880000.0,1.38,5.29%,0.0456641743116801,0.0142666567399103,0.2793296148913853,-0.008445767336012
CYRE3,20.55,7.86,1.03,1.256,4.53%,0.47,1.25,8.28,8.25,10.67,10.08,15.16%,18.79%,3.14,6.75%,13.10%,2.614503816793893,7.86,7985750000.0,0.61,14.42%,0.0431961336465065,0.0318999294092927,0.262759991180775,0.1965049498452049
CRPG3,33.8,241.89,1.44,1.827,0.82%,1.019,1.87,-17.89,2.6,-15.8,-31.42,-10.21%,0.76%,4.9,-6.97%,0.60%,0.1397329364587209,241.89,679978000.0,0.01,-2.40%,0.0429615164269685,0.0309046135023959,0.2611940372863897,0.1696052587434535
ENGI11,47.5,9.08,1.43,0.726,3.19%,0.307,5.27,3.09,-0.66,6.39,5.18,23.48%,10.71%,1.28,11.84%,15.72%,5.2312775330396475,9.08,15247500000.0,2.12,11.07%,0.0428614093154824,0.0199125006762459,0.2605263559441817,0.0631182818275241
BMKS3,329.01,8.46,0.72,10.197,11.93%,0.618,0.85,-34.67,0.98,4.1,4.21,-29.41%,120.58%,19.87,-6.33%,8.46%,38.89007092198581,8.46,209194000.0,0.03,-2.83%,0.039547132768013,0.0303249336680797,0.2385840491910973,0.1724944229606771
PEAB3,46.5,45.03,1.01,16.013,1.97%,0.687,3.25,-428.68,-10.23,-353.23,225.48,-3.74%,35.56%,6.46,-0.20%,2.23%,1.0326449033977347,45.03,873953000.0,0.13,-37.76%,0.0393608708273731,0.0335442018517819,0.2373602377415,0.1949383258660195
VALE3,62.17,7.29,1.51,1.369,11.24%,0.616,30.52,3.43,-1.61,4.08,3.44,39.97%,19.00%,1.12,20.04%,20.68%,8.5281207133059,7.29,187211000000.0,0.39,5.19%,0.0387738094836094,0.024679462118176,0.2335094983273655,0.1093758226198979
MERC4,8.8,22.97,0.64,0.0,6.02%,0.0,0.0,0.0,0.0,0.0,0.0,0.00%,0.00%,0.0,0.00%,2.80%,0.3831084022638224,22.97,246215000.0,0.0,-9.69%,0.0386185969379593,0.051485871593358,0.2324930469594424,0.2951152314097082
DEXP4,10.26,5.49,1.26,0.58,5.26%,0.669,1.41,5.95,2.32,5.06,4.26,9.74%,12.19%,3.57,16.90%,22.86%,1.8688524590163933,5.49,768208000.0,0.35,21.08%,0.0386043989663813,0.0704612323176949,0.2324001019439747,0.338605390274927
RAPT4,11.77,11.35,1.35,0.36,4.94%,0.286,1.03,3.0,-2.66,5.34,4.34,12.00%,5.91%,1.89,13.64%,11.87%,1.0370044052863436,11.35,2875310000.0,2.09,23.40%,0.0379817704923532,0.0276636079473016,0.2283297926746283,0.1419752596394532
TFCO4,11.2,15.46,4.11,2.541,1.79%,2.569,5.28,12.04,7.26,12.18,11.26,21.10%,16.43%,3.0,27.02%,26.61%,0.724450194049159,15.46,434794000.0,0.24,35.42%,0.036951939949394,0.0259606498739517,0.2216216422416053,0.1605006808064129
TUPY3,24.54,7.44,1.02,0.317,2.74%,0.329,1.03,3.92,-5.51,6.54,4.66,8.08%,4.25%,2.07,12.09%,13.71%,3.298387096774193,7.44,3471280000.0,1.22,27.50%,0.036084134526966,0.0238461535990807,0.2159922113963441,0.0909198668911333
SYNE3,10.2,135.1,1.02,3.556,0.00%,0.376,8.63,8.11,-1.41,10.2,7.82,43.84%,7.02%,1.38,5.41%,0.76%,0.07549962990377498,135.1,1523120000.0,0.64,-3.34%,0.0326859089462636,0.0374189156573126,0.1941520246059151,0.2453942812035121
CRIV4,6.74,37.77,0.66,0.0,7.20%,0.0,0.0,0.0,0.0,0.0,0.0,0.00%,0.00%,0.0,0.00%,1.74%,0.17844850410378607,37.77,1058750000.0,0.0,-0.10%,0.0324927462631048,0.0261126236270658,0.192920293336712,0.1066942054225647
INTB3,23.0,13.3,2.84,1.835,2.73%,1.472,3.3,14.99,5.47,14.17,12.15,12.24%,13.82%,2.49,18.79%,21.32%,1.7293233082706767,13.3,2656410000.0,0.36,21.31%,0.0308485515673568,0.0242165754402018,0.1824778840514036,0.1306813987154662
TRIS3,5.08,7.49,0.69,0.857,3.89%,0.336,0.7,9.5,1.26,16.27,15.51,9.02%,11.77%,2.7,4.07%,9.19%,0.678237650200267,7.49,1377560000.0,0.72,6.13%,0.0306774121633421,0.0339241402145862,0.1813952786913453,0.1937078984297199
CAML3,8.55,8.3,0.97,0.266,3.42%,0.282,0.88,5.04,-2.53,10.01,6.95,5.28%,3.20%,2.16,8.64%,11.67%,1.0301204819277108,8.3,3087100000.0,1.86,19.51%,0.0305867152906955,0.0234959669794283,0.180821871278795,0.0720059278528726
BRGE6,12.92,32.46,0.72,267.653,6.33%,0.318,0.83,-1.36,1.62,0.92,0.94,-19636.90%,1381.29%,3.06,-50.03%,2.21%,0.3980283425754775,32.46,1324180000.0,0.0,-45.61%,0.0299312984098181,0.0615441500185402,0.1766849376081569,0.3270711696054171
BBSE3,33.32,8.19,5.54,0.0,8.61%,3.733,0.0,7.31,0.0,0.0,0.0,0.00%,0.00%,0.0,0.00%,67.70%,4.068376068376069,8.19,12020300000.0,0.0,0.00%,0.0295179352967815,0.0174507991082464,0.174081933555839,-0.0174644352433356
CPFE3,33.46,6.87,1.88,0.962,10.57%,0.51,-24.81,3.38,-1.06,5.34,4.57,28.47%,14.08%,0.92,17.07%,27.31%,4.870451237263464,6.87,20534000000.0,1.35,8.29%,0.0261542775121825,0.0186607246794372,0.153075270078649,-0.0083129492868955
IGTI3,2.7,16.81,1.34,4.855,2.09%,0.732,5.33,9.2,-3.52,12.03,9.37,52.78%,29.16%,2.26,10.05%,7.98%,0.1606186793575253,16.81,4234480000.0,0.79,14.49%,0.0261471317390573,0.0305096543453895,0.1530309732925676,0.145577993173276
B3SA3,10.73,14.91,2.99,5.995,3.96%,1.233,6.68,11.49,-5.98,10.93,9.0,52.19%,40.22%,1.93,16.68%,20.09%,0.7196512407780014,14.91,19875000000.0,0.71,7.42%,0.0250839100496467,0.0259081685969982,0.146455548773343,0.0894596889767651
PSSA3,29.44,7.39,1.52,0.569,5.21%,0.426,5.46,0.69,-3.58,0.26,0.25,82.44%,7.83%,1.15,84.27%,20.59%,3.9837618403247634,7.39,12505000000.0,0.0,18.04%,0.0224915463728134,0.0183373096230932,0.1305518387743518,-0.0276600527327538
NEOE3,19.13,5.31,0.75,0.527,4.33%,0.228,9.63,2.6,-0.49,7.06,5.42,20.31%,10.08%,1.11,9.94%,14.13%,3.6026365348399247,5.31,30954000000.0,1.55,12.14%,0.0222579031158467,0.019447162899091,0.1291273969503086,-0.0011437964253354
VAMO3,9.24,16.98,2.09,1.665,3.45%,0.457,6.45,4.49,-0.91,8.98,6.99,37.08%,9.80%,1.34,12.45%,12.29%,0.5441696113074205,16.98,4889880000.0,2.59,55.05%,0.0218742443379664,0.0301416438092269,0.1267915502426355,0.1592834429560001
PEAB4,46.01,44.55,1.0,15.844,2.29%,0.68,3.21,-424.16,-10.13,-348.71,222.6,-3.74%,35.56%,6.46,-0.20%,2.23%,1.0327721661054994,44.55,873953000.0,0.13,-37.76%,0.0211173768888894,0.0376814332936239,0.1221950810130028,0.2386478881374533
VIVT3,47.45,15.4,1.14,1.482,5.40%,0.633,328.24,10.28,-2.48,11.83,4.27,14.41%,9.64%,1.01,7.08%,7.41%,3.0811688311688314,15.4,68664700000.0,0.27,5.12%,0.0200475393793222,0.0170122075513964,0.1157241348551509,-0.0605705581820463
PLPL3,10.14,7.69,3.32,0.949,4.97%,1.021,1.81,3.44,5.28,3.58,3.48,27.61%,12.98%,2.84,40.24%,43.21%,1.318595578673602,7.69,623151000.0,0.59,28.40%,0.0192817651651782,0.0345682058525414,0.1111111111111124,0.1917378316804221
BALM3,12.19,11.68,0.8,0.713,6.37%,0.467,1.01,5.32,1.57,3.48,2.85,13.40%,4.50%,2.86,12.19%,6.82%,1.043664383561644,11.68,149905000.0,0.13,2.84%,0.0187941360720935,0.0360478417822213,0.1081817800348439,0.1476274847947562
ENGI4,8.02,7.66,1.2,0.613,3.78%,0.259,4.45,2.61,-0.56,5.91,4.79,23.48%,10.71%,1.28,11.84%,15.72%,1.0469973890339426,7.66,15247500000.0,2.12,11.07%,0.0170617739238803,0.027192956875478,0.0978260566753344,0.0873628651251423
SBFG3,13.35,15.84,1.25,0.464,1.30%,0.41,1.74,6.09,-2.64,10.55,5.9,7.62%,2.93%,1.84,8.12%,7.89%,0.8428030303030303,15.84,2604860000.0,1.09,33.64%,0.0156475300888734,0.0381167496001761,0.0894308464014561,0.2147222112020173
CGRA4,25.44,5.85,0.6,0.772,9.72%,0.424,1.65,6.78,2.8,4.76,3.41,11.40%,13.19%,2.4,7.95%,10.19%,4.348717948717949,5.85,889748000.0,0.0,12.42%,0.0151205212959995,0.0217847649525927,0.0863159011290153,0.0060744449730876
CRPG6,28.8,206.1,1.23,1.557,0.97%,0.869,1.59,-15.25,2.22,-13.16,-26.16,-10.21%,0.76%,4.9,-6.97%,0.60%,0.13973799126637557,206.1,679978000.0,0.01,-2.40%,0.0140283746231939,0.0301930997722426,0.0798838550792759,0.1204137529910382
CGRA3,25.4,5.84,0.6,0.771,9.74%,0.423,1.65,6.77,2.8,4.75,3.4,11.40%,13.19%,2.4,7.95%,10.19%,4.3493150684931505,5.84,889748000.0,0.0,12.42%,0.0139089912041154,0.0219139792885951,0.0791826576617693,0.005085092223791
BBAS3,26.61,4.45,0.9,0.0,7.88%,0.0,0.0,0.0,0.0,0.0,0.0,0.00%,0.00%,0.0,0.00%,20.34%,5.979775280898876,4.45,168546000000.0,0.0,28.77%,0.0137397680342039,0.0233824616417244,0.078189365659778,0.0274190887082341
EVEN3,6.48,5.73,0.65,0.432,15.53%,0.175,0.32,4.1,1.01,5.27,5.11,10.55%,12.02%,3.55,5.05%,11.42%,1.130890052356021,5.73,1980140000.0,0.72,13.02%,0.0132444722086011,0.0334848957887284,0.0752864203101748,0.1560877576707541
IGTI11,21.75,19.34,1.54,5.588,1.81%,0.843,6.14,10.59,-4.05,13.42,10.45,52.78%,29.16%,2.26,10.05%,7.98%,1.124612202688728,19.34,4234480000.0,0.79,14.49%,0.0129908747417923,0.0215172213279868,0.0738025560337318,0.037164290379207
ELMD3,18.42,24.1,2.89,2.595,0.47%,1.141,-124.05,11.2,-4.02,13.33,8.43,23.18%,13.47%,0.96,12.43%,12.00%,0.7643153526970955,24.1,891681000.0,0.85,67.36%,0.0117017936516814,0.0282552723568963,0.0662857055664045,0.1019238094646309
CCRO3,12.78,18.23,2.01,1.342,3.31%,0.458,6.52,4.58,-0.85,8.86,6.9,29.29%,8.16%,1.47,11.84%,11.02%,0.7010422380691168,18.23,12847700000.0,2.5,16.01%,0.009318193678826,0.0249309249376547,0.0525000095367402,0.0356834642044944
WHRL3,4.41,17.1,2.96,0.571,7.72%,0.738,25.52,8.14,-12.76,7.54,6.24,7.02%,3.36%,1.04,23.08%,17.31%,0.25789473684210523,17.1,2239720000.0,0.6,8.48%,0.0084483822903829,0.025196383778303,0.0475058925066322,0.0399486050331412
AURA33,53.53,196.35,2.49,1.698,5.85%,0.824,4.23,6.83,-2.97,7.84,7.84,24.85%,0.86%,1.99,17.77%,1.27%,0.27262541380188443,196.35,1520520000.0,1.07,1.56%,0.0079445549018346,0.023524231773837,0.0446219978399231,0.0207123489898326
CRPG5,29.11,208.32,1.24,1.574,0.99%,0.878,1.61,-15.41,2.24,-13.32,-26.48,-10.21%,0.76%,4.9,-6.97%,0.60%,0.13973694316436253,208.32,679978000.0,0.01,-2.40%,0.006757078376729,0.0322773944612074,0.0378506216829299,0.1250166648412567
JSLG3,9.79,7.82,1.65,0.347,3.24%,0.199,0.82,2.85,-0.43,8.65,5.78,12.17%,4.44%,2.42,10.07%,21.11%,1.2519181585677748,7.82,1698340000.0,5.57,12.25%,0.0049113919611762,0.0272714088358406,0.0273972850529606,0.0636328428146085
LAVV3,9.1,6.58,1.37,1.764,7.06%,0.718,1.06,7.91,1.76,7.6,7.57,22.30%,28.04%,5.47,11.69%,20.88%,1.3829787234042552,6.58,1321070000.0,0.34,31.98%,0.0026438197543863,0.0254128747170037,0.0146726997153967,0.0306075947522858
REDE3,6.97,7.91,3.61,0.875,11.74%,0.518,13.77,3.21,-1.04,5.36,4.56,27.25%,15.28%,1.15,18.90%,45.71%,0.8811630847029077,7.91,4069810000.0,3.12,11.22%,0.0024728921534866,0.0238437429955524,0.0137187859538829,-0.0074787553783475
ALOS3,21.9,23.64,0.85,4.347,5.40%,0.436,14.48,9.42,-1.38,7.52,4.93,46.15%,22.75%,1.29,5.09%,3.61%,0.9263959390862944,23.64,13917200000.0,0.0,33.94%,0.0011510312108584,0.0150157414123405,0.0063665025514159,-0.1500684521815433
KLBN3,4.17,13.18,2.28,1.462,5.06%,0.454,2.23,7.01,-1.02,12.9,6.63,20.85%,11.61%,2.79,8.63%,17.29%,0.3163884673748103,13.18,11310500000.0,2.96,16.49%,0.0003543761878987,0.0219651057836095,0.0019565769675107,-0.0340859357271143
LAND3,14.0,40.26,1.87,16.219,0.62%,1.402,-53.98,26.21,-7.26,28.49,26.52,61.89%,40.29%,0.69,5.37%,4.64%,0.3477396920019871,40.26,720843000.0,0.17,-3.82%,-0.0032766785982633,0.0209002847890441,-0.0179434253270327,-0.074265475120339
MULT3,24.3,13.51,2.06,6.99,4.15%,1.262,23.73,9.83,-5.68,11.17,10.23,71.12%,51.73%,1.48,14.48%,15.24%,1.7986676535899335,13.51,7087620000.0,0.44,16.23%,-0.0044079961160783,0.0253345558272684,-0.0240770617830207,0.0092163638048053
ARZZ3,53.75,14.57,2.03,1.219,3.02%,1.042,7.41,11.5,-66.69,12.48,8.61,10.60%,8.31%,1.43,11.57%,13.92%,3.6890871654083734,14.57,2940190000.0,0.37,36.17%,-0.0045026265425547,0.0261798523930574,-0.0245886923989198,0.0211514848267502
CSMG3,20.75,5.66,1.02,1.047,17.39%,0.558,19.43,4.06,-1.94,6.03,4.28,25.79%,18.49%,1.21,14.89%,17.97%,3.666077738515901,5.66,7752950000.0,0.59,9.48%,-0.0049706614641095,0.0232170522177623,-0.0271159507143534,-0.0261338125253287
PNVL3,9.75,13.55,1.23,0.315,4.12%,0.458,1.94,9.17,-24.81,14.48,6.4,3.43%,2.32%,1.64,7.10%,9.04%,0.7195571955719556,13.55,1196820000.0,0.93,14.92%,-0.0071909933516546,0.0241885963987003,-0.0390321989684659,-0.0193453469143465
ITSA4,10.11,7.38,1.3,13.727,8.34%,1.004,12.92,179.72,-15.75,186.27,60.09,7.64%,191.10%,2.71,0.61%,17.58%,1.3699186991869918,7.38,80435000000.0,0.15,10.72%,-0.0073981331020545,0.0179575370429869,-0.0401377703011791,-0.1395225170603081
VIVA3,22.35,14.4,2.68,2.357,1.67%,1.645,3.98,12.33,6.92,12.0,9.03,19.12%,16.36%,2.96,15.86%,18.60%,1.5520833333333335,14.4,1969940000.0,0.11,27.47%,-0.007615708160328,0.0328303222000412,-0.0412979166094,0.1070163980839708
LUPA3,1.67,1.25,0.45,0.693,0.00%,0.141,1.65,-4.81,-0.39,-14.69,-65.44,-14.41%,55.40%,1.36,-3.13%,35.85%,1.3359999999999999,1.25,154345000.0,1.02,58.15%,-0.0081034347440707,0.0542807025049186,-0.04389438487128,0.3016118436970303
RSID3,5.05,0.36,-0.12,2.22,0.00%,0.186,-0.19,-3.14,-0.09,-12.32,-12.52,-70.66%,614.03%,0.37,-6.37%,-31.75%,14.027777777777779,0.36,-878136000.0,-0.37,-8.82%,-0.0114742241829444,0.0416011838692207,-0.0616822298296331,0.1957334495254062
SOJA3,15.22,6.54,2.04,1.014,5.38%,0.782,2.3,7.81,3.13,8.21,7.71,12.97%,18.04%,1.97,16.00%,31.25%,2.327217125382263,6.54,1007310000.0,0.81,51.45%,-0.0114830509801076,0.0229117585800565,-0.0617284510234052,-0.0743455060073408
DMFN3,14.0,862.53,60.25,0.0,0.04%,0.0,0.0,0.0,0.0,0.0,0.0,0.00%,0.00%,0.0,0.00%,6.99%,0.016231319490336567,862.53,14359000.0,0.0,34.42%,-0.0124281525535435,0.021881265847398,-0.0666666666666662,-0.1086336203471661
HYPE3,29.21,10.87,1.58,2.3,4.11%,0.732,4.78,7.36,-3.79,10.31,9.36,31.26%,21.14%,1.81,11.57%,14.53%,2.68721251149954,10.87,11711400000.0,0.9,23.31%,-0.0124486774774434,0.0219348955276022,-0.0667736741309187,-0.0723220237941856
ATOM3,2.06,2.53,1.25,2.135,0.00%,0.927,2.78,-102.16,5.3,-84.76,-484.34,-2.09%,86.62%,7.1,-1.09%,49.23%,0.8142292490118578,2.53,39312000.0,0.0,11.77%,-0.0124549214017183,0.0515950750777184,-0.0668062250727191,0.2067358416178319
ODPV3,11.8,12.58,4.39,3.03,9.02%,2.799,-112.6,11.09,-33.8,10.17,9.36,27.33%,24.10%,0.92,33.34%,34.92%,0.9379968203497616,12.58,1484650000.0,0.0,4.69%,-0.0142256394074615,0.02094553253206,-0.0759999316624224,-0.0961558627055219
JOPA3,21.0,12.78,0.38,0.105,2.06%,0.099,0.25,1.83,1.7,6.93,6.18,5.73%,1.09%,2.18,7.77%,2.97%,1.643192488262911,12.78,585855000.0,2.14,14.71%,-0.0163548291121428,0.0288258545027803,-0.0869565217391308,0.027376859453117
HAGA3,2.65,8.44,-0.6,1.14,0.00%,0.5,1.03,-17.88,-0.52,-4.3,-12.87,-6.38%,13.51%,2.24,-10.28%,-7.09%,0.31398104265402843,8.44,-52754200.0,-0.39,1.40%,-0.0165038371636754,0.0483943889532617,-0.0877193011809008,0.2263100337325762
TGMA3,25.55,9.16,1.93,1.03,7.16%,1.38,3.75,7.83,6.06,7.25,6.5,13.15%,11.29%,3.55,24.56%,21.11%,2.789301310043668,9.16,872453000.0,0.2,8.66%,-0.0165537144372239,0.0276156761628587,-0.0879745087833122,0.0150498319346679
SAPR3,5.13,4.96,0.77,1.186,4.93%,0.391,5.61,2.86,-1.24,4.51,3.81,41.54%,23.91%,1.66,15.44%,15.44%,1.034274193548387,4.96,10123600000.0,0.63,7.98%,-0.0177428991674547,0.0252073463940652,-0.0940419357162125,-0.0265506242408229
WHRL4,4.52,17.52,3.03,0.585,8.28%,0.756,26.15,8.34,-13.08,7.74,6.41,7.02%,3.36%,1.04,23.08%,17.31%,0.25799086757990863,17.52,2239720000.0,0.6,8.48%,-0.0193048007988917,0.0247567778307211,-0.1019607824804427,-0.0375335683472213
MSPA3,43.0,30.24,0.33,1.65,0.67%,0.192,5.09,-18.49,-0.59,-26.12,21.13,-8.93%,5.46%,1.68,-1.09%,1.09%,1.421957671957672,30.24,831884000.0,0.2,13.25%,-0.0197418937078637,0.0106228416124808,-0.1041666666666665,-0.4677585250683179
ITUB4,33.45,9.53,1.85,0.0,7.01%,0.0,0.0,0.0,0.0,0.0,0.0,0.00%,0.00%,0.0,0.00%,19.41%,3.5099685204617006,9.53,177342000000.0,0.0,39.30%,-0.0199877427719193,0.02009519631084,-0.1054054466453782,-0.1322285201404417
TTEN3,10.5,8.33,1.52,0.53,1.12%,0.703,3.11,10.83,6.18,11.51,10.07,4.89%,6.35%,1.53,11.97%,18.29%,1.2605042016806722,8.33,3435220000.0,0.41,29.99%,-0.0200035859152328,0.0275590736833899,-0.1054852286717767,-0.0360111731015001
ITUB3,28.59,8.14,1.58,0.0,8.21%,0.0,0.0,0.0,0.0,0.0,0.0,0.00%,0.00%,0.0,0.00%,19.41%,3.512285012285012,8.14,177342000000.0,0.0,39.30%,-0.0202441372172988,0.0181981443137814,-0.1066958681193714,-0.1777023229588618
ITSA3,10.08,7.36,1.29,13.686,8.37%,1.001,12.88,179.19,-15.71,185.73,59.92,7.64%,191.10%,2.71,0.61%,17.58%,1.3695652173913042,7.36,80435000000.0,0.15,10.72%,-0.0225881793867106,0.0153567835799903,-0.1184228272841589,-0.2721210065815505
LIPR3,48.82,32.7,2.59,0.0,0.80%,2.471,8.21,-73.75,8.76,-65.66,-65.65,0.00%,0.00%,12.53,-4.60%,7.91%,1.4929663608562689,32.7,222022000.0,0.0,0.00%,-0.0245649830670966,0.0206706907454472,-0.1282142911638537,-0.1381554913035188
VLID3,15.64,4.24,0.83,0.579,9.11%,0.468,1.36,2.93,4.44,3.21,2.53,19.76%,13.46%,2.82,21.82%,19.60%,3.688679245283019,4.24,1538910000.0,0.46,0.84%,-0.0249584704141478,0.0325580223377126,-0.1301526373966852,0.0666554190609022
VBBR3,22.48,4.6,1.52,0.154,8.83%,0.583,2.0,4.55,-7.14,6.4,5.81,3.38%,3.35%,2.2,16.57%,33.06%,4.886956521739131,4.6,16556000000.0,0.95,20.41%,-0.028234456847197,0.0253471418643238,-0.1461538168100233,-0.0521123036157613
JALL3,7.51,26.78,1.1,1.194,5.72%,0.34,1.65,9.05,-0.91,20.75,4.09,13.20%,4.46%,2.88,4.60%,4.10%,0.28043315907393573,26.78,2074760000.0,1.94,21.86%,-0.0303006605958009,0.022994787188814,-0.1561214233849677,-0.1555979260504527
GPIV33,3.66,4.62,0.4,2.173,0.00%,0.23,2.21,3.45,18.19,1.8,1.8,62.97%,48.92%,2.97,7.93%,8.58%,0.7922077922077922,4.62,1495660000.0,0.06,-9.75%,-0.0306941074963211,0.0327468416608061,-0.1580086144453614,0.0597719840670056
USIM5,7.92,10.66,0.42,0.373,3.57%,0.252,0.81,71.41,2.34,73.6,8.15,0.52%,4.25%,3.55,0.45%,3.91%,0.7429643527204502,10.66,23843300000.0,0.25,17.54%,-0.034966243772353,0.0308365299730256,-0.1782786608927702,0.0218106882768122
PRNR3,10.68,60.84,1.6,0.488,0.68%,0.572,2.45,6.45,-5.97,8.71,5.69,7.57%,1.86%,1.79,11.62%,2.64%,0.17554240631163706,60.84,311022000.0,1.16,42.33%,-0.0351421103183539,0.0317713336693313,-0.1791044542427722,0.0170779270823571
GMAT3,7.25,13.11,1.82,0.566,1.44%,0.97,2.74,10.21,6.67,11.87,9.66,5.55%,4.37%,2.41,12.50%,13.86%,0.5530129672006102,13.11,8813800000.0,0.45,29.06%,-0.0355907501430958,0.0256504666137059,-0.1812079960581483,-0.1099978138900124
WIZC3,5.9,5.71,1.82,0.819,4.17%,0.361,14.9,1.65,-1.26,1.61,1.32,49.70%,23.30%,1.11,27.47%,31.81%,1.033274956217163,5.71,519136000.0,0.67,12.22%,-0.0360449898459767,0.0323819225941074,-0.1833332958044824,0.0443980207468708
COCE3,32.55,6.97,0.59,0.304,2.96%,0.191,-0.83,1.75,-0.41,5.73,4.12,17.36%,4.36%,0.48,12.07%,8.41%,4.6700143472022955,6.97,4320830000.0,1.36,12.51%,-0.036232773070812,0.0205618997690442,-0.1842105766349705,-0.1760720825535583
FLRY3,15.43,16.96,1.63,1.183,3.77%,0.722,6.93,8.08,-2.43,11.25,6.61,14.64%,6.94%,1.68,10.28%,9.61%,0.9097877358490566,16.96,5183220000.0,0.81,24.22%,-0.0365821964285639,0.0214911418599271,-0.185840950032437,-0.1532797757322396
EQMA3B,25.99,5.53,1.09,0.739,9.16%,0.458,8.7,3.27,-1.37,5.05,4.21,22.55%,13.34%,1.27,16.11%,19.69%,4.699819168173598,5.53,3915830000.0,0.77,10.26%,-0.037005508735059,0.0178656453922962,-0.1878125071525563,-0.2473665432779266
ASAI3,11.3,21.89,3.25,0.223,0.00%,0.366,-3.76,3.15,-0.64,5.51,4.18,7.06%,1.02%,0.77,17.69%,14.86%,0.5162174508908177,21.89,4698000000.0,3.4,28.64%,-0.0387894963195026,0.0234351727273934,-0.1960784483958987,-0.1878138380959791
GEPA3,26.0,10.73,0.0,2.435,16.13%,0.0,0.0,8.28,0.0,8.28,5.64,29.42%,22.69%,0.0,0.00%,0.00%,2.423112767940354,10.73,0.0,0.0,-6.31%,-0.0396411183611716,0.0218304104823947,-0.2000000000000027,-0.1554246816184599
SRNA3,9.37,20.66,1.09,1.857,0.00%,0.307,-15.31,6.5,-0.51,17.77,11.21,28.59%,8.97%,0.85,5.12%,5.27%,0.4535333978702807,20.66,5362680000.0,2.11,26.38%,-0.0416793415658277,0.0270270499494318,-0.2093220531443905,-0.1765985006773223
UCAS3,2.25,10.29,0.77,0.689,8.93%,0.411,3.96,36.52,-4.04,38.74,11.35,1.89%,6.69%,1.4,1.43%,7.48%,0.2186588921282799,10.29,193055000.0,0.39,12.06%,-0.0443614547159119,0.0311552603443953,-0.221453315457717,0.0059099084902332
ECOR3,7.55,7.64,1.77,0.561,3.69%,0.191,-18.7,1.63,-0.29,6.07,4.82,34.34%,7.70%,0.96,14.71%,23.18%,0.9882198952879582,7.64,2969360000.0,6.6,24.14%,-0.0446919129617028,0.0296243783220944,-0.2229373816258488,-0.0186403745184767
MSPA4,37.0,26.02,0.28,1.42,0.86%,0.165,4.38,-15.91,-0.51,-23.54,19.04,-8.93%,5.46%,1.68,-1.09%,1.09%,1.4219830899308226,26.02,831884000.0,0.2,13.25%,-0.0469466766686693,0.0054281798631443,-0.2330016850617993,-1.3674244843692374
BOBR4,2.06,5.57,-13.25,0.376,0.00%,0.634,-9.28,2.51,-1.18,3.81,3.39,14.98%,6.74%,0.88,35.09%,-237.60%,0.36983842010771995,5.57,-40517000.0,-8.07,9.47%,-0.0495583838158265,0.0288333053922794,-0.2445255744386779,-0.0513153617699703
SMFT3,23.0,12.88,2.56,2.981,2.34%,0.914,13.33,13.98,-2.17,15.78,6.99,21.33%,23.32%,1.45,7.99%,19.87%,1.7857142857142856,12.88,5269760000.0,0.77,20.13%,-0.0534916533628135,0.029314552085529,-0.2616129229145669,-0.1459928349951511
GRND3,6.05,9.34,1.49,2.225,5.33%,1.283,2.36,13.78,2.38,10.99,9.01,16.15%,23.82%,5.09,13.56%,15.92%,0.6477516059957173,9.34,3669650000.0,0.05,6.12%,-0.0542942032948222,0.0226928783137482,-0.2650602693428999,-0.1779707322235556
BALM4,10.25,9.82,0.67,0.6,7.58%,0.393,0.85,4.47,1.32,2.64,2.16,13.40%,4.50%,2.86,12.19%,6.82%,1.0437881873727086,9.82,149905000.0,0.13,2.84%,-0.0545800444119082,0.0332016424955109,-0.2662849102307135,0.0132503246754979
HAGA4,1.18,3.76,-0.27,0.508,0.00%,0.223,0.46,-7.96,-0.23,5.62,16.8,-6.38%,13.51%,2.24,-10.28%,-7.09%,0.31382978723404253,3.76,-52754200.0,-0.39,1.40%,-0.0562230991137718,0.0402512348649725,-0.2732919585782467,0.0997491139818417
BRBI11,14.3,8.76,1.82,5.382,9.23%,0.134,2.02,61.68,2.02,12.02,9.39,8.73%,61.44%,1.07,20.39%,20.74%,1.632420091324201,8.76,826376000.0,11.92,-34.76%,-0.0614264668379006,0.0266439804964202,-0.2951219605236542,-0.2417415607085692
DXCO3,7.01,9.55,0.9,0.756,4.09%,0.315,2.33,7.2,-1.0,13.08,5.2,10.51%,8.17%,1.7,5.56%,9.45%,0.7340314136125654,9.55,6372670000.0,1.18,10.71%,-0.0621610296973864,0.0295768445928205,-0.2981599892831563,-0.0574240556453313
MDNE3,13.73,6.96,0.84,0.966,0.00%,0.332,1.36,5.45,-1.93,5.95,5.72,17.72%,13.87%,2.28,6.79%,12.10%,1.9727011494252875,6.96,1384340000.0,0.26,36.50%,-0.0623449335832589,0.0383367557679389,-0.2989189044849284,0.0580425655543479
ABEV3,11.4,12.39,2.07,2.26,6.40%,1.342,-758.56,10.64,-15.27,10.04,7.37,21.24%,18.80%,0.99,16.90%,16.75%,0.9200968523002421,12.39,86594300000.0,0.04,11.60%,-0.0634355024286622,0.0189880508828877,-0.3034055563015669,-0.3109042868527467
AESB3,11.4,497.21,1.56,1.975,0.65%,0.351,-2.71,7.1,-0.6,17.15,8.63,27.84%,4.91%,0.52,5.53%,0.31%,0.022927937893445428,497.21,4394450000.0,2.62,14.89%,-0.0643656838465038,0.0168378583887754,-0.3072137648435571,-0.5634154337030174
SANB4,14.58,11.15,1.26,0.0,5.79%,0.0,0.0,0.0,0.0,0.0,0.0,0.00%,0.00%,0.0,0.00%,11.30%,1.3076233183856503,11.15,86735700000.0,0.0,-1.99%,-0.0671314915179873,0.0223295333462112,-0.3184365578431327,-0.2282524443010723
GEPA4,26.5,10.94,0.0,2.482,15.82%,0.0,0.0,8.44,0.0,8.44,5.75,29.42%,22.69%,0.0,0.00%,0.00%,2.422303473491773,10.94,0.0,0.0,-6.31%,-0.0671421985811734,0.0181459222758434,-0.3184797127108107,-0.3531490174676229
BGIP3,24.87,9.01,0.68,0.0,8.40%,0.0,0.0,0.0,0.0,0.0,0.0,0.00%,0.00%,0.0,0.00%,7.57%,2.7602663706992234,9.01,676771000.0,0.0,1.22%,-0.0687205452787869,0.0214102704945709,-0.3248168224086114,-0.2629883899434351
SCAR3,22.99,4.74,0.78,1.022,7.58%,0.387,2.63,2.6,-1.57,4.86,4.43,39.28%,21.38%,2.38,16.38%,16.52%,4.8502109704641345,4.74,1695040000.0,0.87,33.29%,-0.0705664357672792,0.0269996504780374,-0.3321668414374222,-0.128553783754137
PLAS3,5.6,6.59,-0.16,0.072,0.00%,0.099,-0.25,-8.36,-0.08,-42.75,7.54,-0.86%,1.09%,0.47,-1.40%,-2.40%,0.849772382397572,6.59,-439298000.0,-0.72,27.11%,-0.0712359390571714,0.0432941453818006,-0.3348164436794278,0.1149828180761643
BGIP4,23.15,8.39,0.63,0.0,9.92%,0.0,0.0,0.0,0.0,0.0,0.0,0.00%,0.00%,0.0,0.00%,7.57%,2.7592371871275323,8.39,676771000.0,0.0,1.22%,-0.0742683273581409,0.0286727388662264,-0.3467097855146931,-0.10538507585476
VITT3,5.9,10.66,1.51,1.252,4.68%,0.994,3.29,11.34,3.64,13.88,11.08,11.04%,11.73%,1.97,9.30%,14.15%,0.5534709193245779,10.66,605093000.0,0.37,7.48%,-0.0747946409890534,0.0279120622900755,-0.3487561965230051,-0.2893966911015246
EZTC3,14.25,12.4,0.67,2.939,1.94%,0.535,1.42,30.83,2.31,31.65,25.25,9.53%,23.92%,9.13,2.02%,5.40%,1.1491935483870968,12.4,4702530000.0,0.18,5.54%,-0.0752932240456081,0.0318188576120309,-0.350689941834498,-0.0492168730405675
BMOB3,14.85,14.1,1.17,0.961,3.51%,0.891,1.99,13.35,2.15,7.74,4.79,7.20%,6.82%,3.22,12.27%,8.29%,1.053191489361702,14.1,1105870000.0,0.0,88.41%,-0.0753947218895958,0.0258091989369337,-0.3510830228584011,-0.2872592057961169
USIM3,7.45,10.03,0.39,0.351,3.45%,0.237,0.76,67.17,2.2,69.36,7.68,0.52%,4.25%,3.55,0.45%,3.91%,0.7427716849451645,10.03,23843300000.0,0.25,17.54%,-0.0775786012539566,0.0281932307519754,-0.3594936786283441,-0.1224123843117628
COCE5,30.78,6.59,0.55,0.288,3.13%,0.181,-0.79,1.66,-0.39,5.64,4.05,17.36%,4.36%,0.48,12.07%,8.41%,4.670713201820941,6.59,4320830000.0,1.36,12.51%,-0.0790976241113514,0.019078823071574,-0.3652910101350664,-0.3660001809386058
BRSR5,14.9,7.22,0.62,0.0,4.22%,0.0,0.0,0.0,0.0,0.0,0.0,0.00%,0.00%,0.0,0.00%,8.62%,2.063711911357341,7.22,9798830000.0,0.0,4.70%,-0.0827800107115891,0.026056673941572,-0.3791666825612376,-0.1818607667224749
MDIA3,27.95,9.73,1.22,0.903,2.33%,0.764,2.71,7.27,8.41,7.17,5.61,12.43%,9.28%,2.54,14.47%,12.56%,2.872559095580678,9.73,7752090000.0,0.27,14.95%,-0.0837512383339462,0.0244405738143088,-0.3827846849404488,-0.2215910152887665
DESK3,14.99,16.78,1.35,1.677,0.28%,0.537,24.34,5.21,-1.28,7.66,4.97,32.21%,11.35%,1.14,11.91%,8.07%,0.8933253873659117,16.78,1279210000.0,0.92,51.81%,-0.0844992395450431,0.0362355214888376,-0.3855593447646304,-0.1303306927612639
SANB11,27.71,10.6,1.2,0.0,5.82%,0.0,0.0,0.0,0.0,0.0,0.0,0.00%,0.00%,0.0,0.00%,11.30%,2.6141509433962264,10.6,86735700000.0,0.0,-1.99%,-0.085992065441546,0.0215785931605271,-0.3910663567732594,-0.3078538777368373
PINE3,6.0,5.92,1.17,0.0,0.00%,0.0,0.0,0.0,0.0,0.0,0.0,0.00%,0.00%,0.0,0.00%,19.75%,1.0135135135135136,5.92,1079860000.0,0.0,55.65%,-0.0861383715779073,0.0601577926729598,-0.3916038962617462,0.2613732740052741
OPCT3,6.73,13.46,1.62,0.746,0.00%,0.548,10.92,5.24,-1.53,9.0,4.62,14.22%,5.54%,1.2,12.27%,12.01%,0.5,13.46,832641000.0,1.43,41.54%,-0.0884374451869872,0.0355870919658988,-0.3999999743406006,-0.1127594839110334
TPIS3,3.81,2.17,0.19,0.149,0.00%,0.06,-0.55,0.96,-0.1,9.07,4.51,15.62%,6.97%,0.36,6.62%,8.57%,1.7557603686635945,2.17,902530000.0,1.63,3.66%,-0.08886821654047,0.0427212107549459,-0.4015625208383389,0.0794131846118239
CIEL3,5.72,7.23,1.28,2.419,6.33%,0.144,2.5,12.32,5.46,7.93,5.66,19.64%,33.46%,1.07,15.63%,17.67%,0.7911479944674965,7.23,12164500000.0,0.34,-7.35%,-0.0901029576995894,0.0318130657072734,-0.4060228741208358,-0.0852204276215789
CMIN3,5.28,8.02,2.4,1.62,9.75%,0.974,3.48,4.91,-6.22,4.55,3.85,33.02%,20.20%,2.79,32.77%,29.88%,0.658354114713217,8.02,12084400000.0,0.69,-1.72%,-0.0976573034327575,0.026096176800607,-0.4327233581736909,-0.3795235548510537
BRSR3,12.48,6.04,0.52,0.0,4.80%,0.0,0.0,0.0,0.0,0.0,0.0,0.00%,0.00%,0.0,0.00%,8.62%,2.066225165562914,6.04,9798830000.0,0.0,4.70%,-0.0992738797336076,0.0196555896554706,-0.438307384047225,-0.418034452708542
SANB3,13.1,10.02,1.13,0.0,5.86%,0.0,0.0,0.0,0.0,0.0,0.0,0.00%,0.00%,0.0,0.00%,11.30%,1.3073852295409183,10.02,86735700000.0,0.0,-1.99%,-0.1003462138572749,0.0238159727713776,-0.4419865832403964,-0.2878995532206748
ONCO3,7.95,19.87,1.82,0.742,0.00%,0.429,6.01,5.8,-1.08,11.84,8.67,12.78%,5.16%,1.28,8.54%,9.17%,0.4001006542526422,19.87,2300490000.0,2.08,39.74%,-0.1015366768414739,0.0378152537963811,-0.4460479497285088,-0.1782920707042217
CEAB3,10.29,15.9,1.03,0.458,0.00%,0.357,2.57,4.96,-1.74,5.73,2.66,9.22%,2.88%,1.45,9.82%,6.48%,0.6471698113207547,15.9,3080260000.0,0.55,10.95%,-0.1020458998501733,0.0433496262647558,-0.4477778010898171,0.0516257618126866
INEP4,1.89,0.17,-0.07,11.832,0.00%,0.073,-0.08,-1.21,-0.04,-14.11,-15.82,-978.95%,6924.44%,0.09,-6.37%,-41.29%,11.117647058823527,0.17,-1182760000.0,-0.76,-4.42%,-0.1027884694791751,0.0327485730876082,-0.4502924113180501,-2.608513339547851
BDLL4,9.5,0.19,-0.07,0.723,0.00%,0.027,-0.07,-0.41,-0.03,-4.9,-5.2,-175.84%,389.28%,0.55,-7.15%,-39.61%,50.0,0.19,-206703000.0,-0.94,-6.88%,-0.1048256234648317,0.0485940094352782,-0.4571428571428573,0.1178827456068634
BRSR6,11.7,5.67,0.49,0.0,5.12%,0.0,0.0,0.0,0.0,0.0,0.0,0.00%,0.00%,0.0,0.00%,8.62%,2.0634920634920633,5.67,9798830000.0,0.0,4.70%,-0.1126299650543994,0.0220368401243654,-0.4827435356795037,-0.3783795080349201
BBDC3,11.55,8.17,0.77,0.0,10.32%,0.0,0.0,0.0,0.0,0.0,0.0,0.00%,0.00%,0.0,0.00%,9.37%,1.4137086903304774,8.17,160563000000.0,0.0,-14.68%,-0.1159089504280777,0.0220930791082363,-0.4932004083578967,-0.3874759719383641
BBDC4,12.67,8.96,0.84,0.0,10.35%,0.0,0.0,0.0,0.0,0.0,0.0,0.00%,0.00%,0.0,0.00%,9.37%,1.4140624999999998,8.96,160563000000.0,0.0,-14.68%,-0.12041135165476,0.0230387789463123,-0.5072762533246408,-0.3705594863361967
ARML3,10.84,19.75,2.96,2.577,3.30%,0.796,3.4,7.58,-2.41,10.68,7.74,33.99%,13.05%,2.4,16.06%,14.96%,0.5488607594936709,19.75,1270840000.0,2.27,65.29%,-0.1207046060325692,0.0358028655000334,-0.5081818320534442,-0.2720857054103477
DMVF3,7.51,15.83,0.44,0.208,0.00%,0.238,5.91,17.55,-1.67,17.02,2.85,1.19%,1.32%,1.15,1.71%,2.75%,0.474415666456096,15.83,871887000.0,0.05,23.68%,-0.1228490180973536,0.0280288413880367,-0.5147625173427326,-0.3652614647840849
YDUQ3,11.9,23.88,1.15,0.694,4.61%,0.383,4.95,4.54,-0.9,9.94,4.96,15.29%,2.94%,1.48,9.46%,4.82%,0.4983249581239531,23.88,3197080000.0,1.62,10.00%,-0.1229565316607251,0.0369239018511778,-0.5150905430279031,-0.0599285456108762
MYPK3,11.58,18.29,0.47,0.122,1.86%,0.124,0.7,2.22,-0.59,7.18,4.54,5.50%,1.29%,1.54,7.98%,2.57%,0.633132859486058,18.29,3787200000.0,1.65,14.35%,-0.1242297126768865,0.0286411621558808,-0.5189612544850393,-0.2284574115556168
AHEB3,35.0,2.81,2.63,0.47,0.00%,0.582,1.79,2.17,-3.19,1.38,1.31,21.63%,16.68%,2.2,40.02%,93.37%,12.455516014234876,2.81,113775000.0,0.03,44.82%,-0.1282494339853875,0.0395158208001363,-0.5310163238321493,-0.0141369224670295
EQPA6,7.0,6.93,3.05,1.481,10.86%,1.058,10.74,4.73,-2.95,5.84,5.15,31.34%,21.37%,1.5,26.38%,43.96%,1.0101010101010102,6.93,5075140000.0,0.96,17.69%,-0.1290317056465809,0.0409297056877457,-0.5333333333333332,-0.069999276898201
MELK3,3.74,6.76,0.62,0.683,13.02%,0.315,0.6,7.64,0.9,6.05,5.79,8.94%,14.80%,2.94,5.15%,9.23%,0.5532544378698225,6.76,1236660000.0,0.23,24.10%,-0.1305504260856336,0.0261998562837392,-0.5378048719500309,-0.4666056641819425
ALLD3,7.8,4.67,0.46,0.124,26.01%,0.211,0.66,4.13,1.61,5.25,3.91,2.99%,2.64%,1.89,8.43%,9.87%,1.6702355460385439,4.67,1582950000.0,0.38,3.45%,-0.1333596984851677,0.0353720662243303,-0.545983698941789,-0.2863440123594496
NTCO3,15.6,8.04,0.98,0.848,4.75%,0.519,4.43,11.27,-4.94,11.45,6.76,7.52%,10.55%,1.47,6.30%,12.19%,1.9402985074626868,8.04,22070700000.0,0.28,-12.69%,-0.1410262579280132,0.0345271064181191,-0.5677029507676786,-0.1966193477212074
RDOR3,28.65,25.76,2.83,1.382,2.30%,0.72,2.29,9.95,-2.83,10.37,8.44,13.89%,5.55%,2.95,11.26%,10.99%,1.1121894409937887,25.76,23165100000.0,1.46,36.70%,-0.1419626684443286,0.0250691423267538,-0.5702964392159613,-0.5891394747224963
BMGB4,3.56,7.52,0.52,0.0,12.35%,0.0,0.0,0.0,0.0,0.0,0.0,0.00%,0.00%,0.0,0.00%,6.93%,0.473404255319149,7.52,3985940000.0,0.0,-12.10%,-0.1445444074159971,0.0287000603717134,-0.5773809388651606,-0.3479314973454948
RAIZ4,3.02,60.04,1.46,0.142,6.41%,0.244,6.23,4.64,-0.63,9.45,3.99,3.05%,0.28%,1.1,7.53%,2.44%,0.050299800133244504,60.04,21379400000.0,2.21,29.35%,-0.14605874347128,0.0267782871553852,-0.5814917034283538,-0.6667660316556218
CASH3,6.04,42.72,0.66,1.693,39.98%,0.54,0.84,-14.93,0.93,4.28,8.84,-11.33%,1.74%,6.89,-12.13%,1.54%,0.14138576779026218,42.72,798284000.0,0.0,28.32%,-0.1583646213204694,0.0472594392115999,-0.6136985968505466,-0.0765258526952822
FIQE3,3.4,7.87,1.08,1.327,8.33%,0.624,7.95,5.56,-3.74,5.47,2.7,23.85%,16.86%,1.44,13.72%,13.77%,0.4320203303684879,7.87,1134990000.0,0.26,33.28%,-0.1615926734972781,0.0296925478912607,-0.6218019819877543,-0.6269964808905701
LREN3,13.3,11.99,1.27,0.93,4.94%,0.672,3.0,4.51,6.83,4.15,2.96,20.61%,7.76%,1.65,18.65%,10.58%,1.109257714762302,11.99,10099800000.0,0.14,14.43%,-0.164591387557128,0.0286202309577899,-0.6292044509313611,-0.3338591087844587
GUAR3,7.36,150.5,0.72,0.41,1.63%,0.27,1.06,8.04,50.81,10.1,4.22,5.10%,0.27%,1.68,4.44%,0.48%,0.04890365448504984,150.5,5108920000.0,0.62,6.74%,-0.1721218758354638,0.0378202650231126,-0.647272281440961,-0.1378326291927366
PDTC3,1.96,802.89,1.12,0.448,2.35%,0.296,0.77,9.61,-13.93,16.67,6.56,4.66%,0.06%,2.17,3.82%,0.14%,0.0024411812327965227,802.89,139015000.0,1.07,-6.51%,-0.1761731526921448,0.0460832036084584,-0.6566901220745129,-0.0139708151016599
LJQQ3,4.43,9.01,1.39,0.356,3.66%,0.264,1.03,15.31,-1.52,18.35,5.68,2.33%,3.96%,1.67,2.17%,15.46%,0.49167591564927854,9.01,620719000.0,0.85,11.40%,-0.1789191583768353,0.035121930371419,-0.6629557968157513,-0.358755264435475
CSED3,4.18,12.0,1.07,0.641,3.94%,0.34,-8.88,3.72,-0.71,4.44,2.7,17.25%,5.34%,0.84,10.54%,8.91%,0.34833333333333333,12.0,1425110000.0,0.55,9.79%,-0.1849668083657584,0.0334984105042642,-0.6764252729286688,-0.5010271385403335
MATD3,5.02,14.26,1.14,0.854,1.49%,0.365,2.61,4.48,-0.88,6.88,5.54,19.07%,6.88%,2.34,8.81%,8.01%,0.35203366058906027,14.26,1681710000.0,0.75,48.75%,-0.1860222543616067,0.029234662740474,-0.678730162363204,-0.7084220501568241
LPSB3,1.92,13.21,1.32,1.594,2.12%,0.704,7.2,7.31,-3.65,5.49,3.77,21.81%,19.59%,1.53,11.97%,10.02%,0.14534443603330807,13.21,214201000.0,0.0,3.61%,-0.1929517879465224,0.0416147867617915,-0.6935314564093891,-0.1105708032050453
BRIT3,4.06,11.5,1.2,1.435,2.15%,0.559,10.2,7.32,-1.71,10.66,4.46,19.60%,12.46%,1.36,9.16%,10.40%,0.3530434782608695,11.5,1524660000.0,0.83,27.48%,-0.1954608027802932,0.0362778958621559,-0.6987509178502398,-0.5579164280058689
HBRE3,5.73,5.04,0.29,3.837,0.00%,0.123,2.4,1.36,-0.39,4.04,4.02,281.17%,161.43%,1.85,9.48%,5.78%,1.136904761904762,5.04,2030120000.0,0.68,27.34%,-0.1978747543431304,0.0326513717817461,-0.7037037027692783,-0.5690199780508606
BLAU3,11.99,9.04,1.07,1.459,2.33%,0.68,1.79,10.15,4.53,10.89,9.02,14.37%,15.98%,3.82,8.45%,11.78%,1.3263274336283188,9.04,2019480000.0,0.3,8.41%,-0.2006153873380205,0.0261603274612313,-0.709245735938663,-0.899712679952257
HBOR3,2.28,5.95,0.22,0.234,3.99%,0.048,0.14,1.76,-1.87,11.21,9.64,13.35%,13.69%,2.35,2.96%,3.63%,0.38319327731092434,5.95,1413800000.0,1.48,-0.12%,-0.2067015733121002,0.0411337354679235,-0.7212499976158127,-0.1461496164277632
PGMN3,2.76,61.32,0.62,0.14,9.98%,0.183,1.36,3.67,-0.85,6.79,3.09,3.81%,0.25%,1.38,6.44%,1.01%,0.04500978473581213,61.32,2601950000.0,0.61,15.74%,-0.2122208542587536,0.0274556558913285,-0.7317823140614197,-0.7472596042738735
BDLL3,13.01,0.25,-0.1,0.99,0.00%,0.037,-0.1,-0.56,-0.04,-5.05,-5.36,-175.84%,389.28%,0.55,-7.15%,-39.61%,52.04,0.25,-206703000.0,-0.94,-6.88%,-0.2193498171373175,0.0345207667584883,-0.7449019562964347,-0.3397680232606698
PETZ3,3.97,189.22,1.01,0.577,0.07%,0.467,2.94,10.72,-2.35,10.78,3.69,5.38%,0.30%,1.88,5.44%,0.54%,0.020980868829933413,189.22,1809970000.0,0.23,26.42%,-0.2197964972940997,0.0363328402127821,-0.7457061690495521,-0.476712137159934
NINJ3,4.62,27.04,0.83,3.761,0.00%,0.78,0.85,-12.94,0.86,2.31,2.75,-29.06%,13.91%,17.48,-109.79%,3.07%,0.17085798816568049,27.04,283323000.0,0.0,-0.37%,-0.2205951891626671,0.0392267851486417,-0.7471389771102576,-0.5196450496178696
SHOW3,1.74,2.78,0.66,0.239,0.00%,0.273,3.16,1.94,-3.06,1.3,1.21,12.29%,8.34%,1.21,24.05%,23.80%,0.6258992805755396,2.78,177435000.0,0.32,58.51%,-0.2275486409891984,0.041147126843887,-0.7593360989009061,-0.1887890992194622
AHEB5,19.2,1.54,1.44,0.258,0.00%,0.32,0.98,1.19,-1.75,0.4,0.38,21.63%,16.68%,2.2,40.02%,93.37%,12.467532467532466,1.54,113775000.0,0.03,44.82%,-0.2503370979508071,0.0281499311747108,-0.7959837807355985,-0.488627366186135
MTRE3,4.11,5.99,0.45,0.443,14.28%,0.211,0.44,14.96,0.78,28.79,20.15,2.96%,7.98%,2.61,1.59%,7.43%,0.6861435726210351,5.99,976796000.0,0.6,33.35%,-0.2543099216753909,0.0365895147378037,-0.8018774568068932,-0.4740094089332946
VVEO3,2.63,2.6,0.26,0.076,5.19%,0.077,0.22,1.65,-0.89,6.52,4.26,4.59%,2.90%,2.32,6.68%,9.92%,1.0115384615384615,2.6,3286280000.0,1.3,30.18%,-0.2970100155361266,0.0318281370385422,-0.8568953665127553,-1.2202855401622692
ATMP3,1.98,0.09,0.13,0.171,0.00%,0.039,-1.89,-0.4,-0.09,-1.72,-8.89,-42.54%,201.27%,0.92,-10.27%,147.96%,22.0,0.09,419542000.0,0.57,-22.80%,-0.3759820414381184,0.0523760883523635,-0.925843439679454,-0.2686733879477788
VSTE3,14.3,149.16,1.57,1.492,0.33%,0.984,7.5,36.29,-15.98,42.33,8.73,4.11%,1.00%,1.72,3.00%,1.05%,0.09587020648967552,149.16,1037470000.0,0.31,10.94%,-0.3920582503229246,0.0417276638566252,-0.9357879790695124,-0.5501898881140636
GOLL4,1.22,0.26,-0.03,0.028,0.00%,0.027,-0.04,0.21,-0.02,5.32,3.12,12.99%,10.48%,0.32,15.92%,-10.06%,4.692307692307692,0.26,-19348000000.0,-0.73,20.37%,-0.4192177711970959,0.0475708927526789,-0.9500982340725154,-0.4397712481204991
IRBR3,30.96,9.74,0.57,0.455,0.00%,0.17,0.0,-48.87,0.0,0.0,0.0,-0.93%,4.67%,0.0,0.00%,5.86%,3.1786447638603694,9.74,4456840000.0,0.0,0.00%,-0.4234580489797979,0.041405179371145,-0.9520753094805436,-0.6264972809613444
PDGR3,0.18,0.01,0.0,0.15,0.00%,0.021,-0.02,-0.21,0.0,-2.84,-2.87,-72.10%,1349.39%,0.42,-19.32%,-38.19%,18.0,0.01,-3316580000.0,-0.07,-21.89%,-0.7952032883679068,0.064208208581034,-0.9998412448845584,-1.179296291965769
