ticker,avg_return,volatility,cumulative_return,sharpe_ratio,rvi_Conservador,rvi_Moderado,rvi_Arrojado
PRIO3,0.7501056434775757,0.038938738589551,20.92448926828554,1.1155203916997642,0.21771359438937482,0.9713207515665241,0.7155304278109922
DEXP3,0.6677857510548479,0.04167926248157161,15.80724649645244,1.0031821883870038,0.20044020392944245,0.8734922520632451,0.638714745930736
NUTR3,0.6628256652156257,0.06167276387973741,15.53333280351428,0.8579969908879651,0.20142047671414903,0.7588474356199084,0.6222275076492708
RSUL4,0.549812976116389,0.028474655206607403,10.213132854302954,1.0416583727288797,0.18192685904981282,0.8911554613154035,0.5468636836866599
BMEB4,0.4632252615988752,0.02355428131174726,7.165517346612381,1.023206208344791,0.16748657204376444,0.8672429209668951,0.47525625824475404
BPAC3,0.44692713080241586,0.03599844363343339,6.676216481787812,0.8017502054426192,0.15366648853125023,0.6896927217976804,0.4413165695495379
BMEB3,0.4459864418052806,0.0337455565507595,6.6487252744566145,0.8208980597512185,0.15368489539625751,0.7046916476365789,0.44225351507442223
MRSA5B,0.4149451260616872,0.04213935821518315,5.785714593874368,0.6416017558341752,0.13936617476173277,0.5589898530950272,0.4003302122542856
WLMM4,0.39121089300916934,0.030323442845765363,5.181102379943098,0.7841149892241641,0.14179134249994563,0.6694454249648248,0.3944125576143285
MNPR3,0.3710025648838917,0.0438621449999717,4.701754457512514,0.6868460550569514,0.14087457799406167,0.5909633150339475,0.3698728719128057
BRGE5,0.3586416338073446,0.07313486200234769,4.423868289338892,0.6322284710819615,0.15759490009080876,0.5489604264465384,0.3574496403543066
CPLE5,0.3572154045424334,0.09145645389967337,4.392531908506255,0.5007533187119607,0.15896203544517812,0.44546984081377927,0.3449933008951101
CTKA4,0.3525474804359301,0.055184896935589534,4.291005331052074,0.6762013298029773,0.1470227985723624,0.5817343015795338,0.3551766070226008
GPAR3,0.3519339248319959,0.2777957425502821,4.277777777777777,0.47437077028210245,0.30486706355163556,0.4424695829639098,0.3567637911488352
LOGN3,0.34924712726176654,0.035827557385578246,4.220171959324441,0.6845008755537487,0.13203684619001413,0.5861081689077335,0.3514305451033459
MRSA3B,0.3467297493812609,0.046010651993377706,4.166666666666667,0.6024353522789044,0.1317250317607187,0.5212223219605874,0.34222839993223697
BPAC11,0.34534133296612635,0.031059107550460208,4.1373494027585584,0.7096953663758747,0.13035095597456828,0.6053963371523584,0.3503485137655346
SNSY5,0.33900709325982814,0.044452485988196816,4.005320504292565,0.6525677229933708,0.13471947041587734,0.5604001363194993,0.3409076955060193
WLMM3,0.3387489813645903,0.04292788783839718,3.9999999999999973,0.6101496095149973,0.1292321693586765,0.5262873745322966,0.3363069348270117
WEGE3,0.3365816167505524,0.023128233567209566,3.955506159208655,0.7875448413289278,0.13091523266171567,0.6660068580949184,0.3503326008900557
TEKA3,0.33118201874823705,0.12537355665895428,3.846065881601713,0.6714968511250275,0.2005667323144899,0.5828530384407412,0.3446326557769878
BRGE12,0.3121025945851106,0.03688158756086591,3.4750831593709366,0.6184249218315527,0.12255802169035906,0.5296383556798399,0.31521272660733035
CTKA3,0.3090086625591477,0.06545202154328518,3.4171781127252894,0.5957353578525271,0.14283601927579564,0.514034354692265,0.3133256679868994
FRIO3,0.303852125415186,0.046999087357626895,3.3220338983050857,0.5966753609826877,0.1276520185258889,0.5124254100634315,0.30744914516618027
FRAS3,0.30310209741070726,0.02116945961224796,3.308335873416441,0.7510141079420171,0.1223471882250708,0.6332384420559092,0.31970003468399233
BRGE7,0.3018333856432296,0.03648950674255574,3.2852458685772685,0.5355323339219664,0.1129281773505642,0.46225815637615164,0.2986688925810359
BPAN4,0.297380182785449,0.04007261113427886,3.2049999237060787,0.6117385788156041,0.1229699650675284,0.523136142444456,0.3030852652233475
ENMT3,0.2972769153127164,0.01665256963397933,3.2031537649765767,0.8543339721641788,0.128483144454873,0.7148601262260127,0.32492018642998893
BAUH4,0.29547610509612743,0.018351299358131547,3.171066408258202,0.7914705907637019,0.12337570907248818,0.6645592130563874,0.3173630730890853
BPAC5,0.2903027522131649,0.03308263402735824,3.0799999237060307,0.6175064758298199,0.11724703002618508,0.5263437192879082,0.29730111275624976
CEDO3,0.28653497389990434,0.05948174487476609,3.0147056575465108,0.5847135707516102,0.13471025036496434,0.5023725284787552,0.2936475106825611
BAZA3,0.28642098248189285,0.023929155067928545,3.012743643135485,0.6695450369076016,0.11473992599329227,0.5666710432810634,0.2984842051830673
NORD3,0.2826868711709747,0.13863815669533897,2.9489049843666186,0.7221007320996712,0.21138928568333576,0.6198130884663684,0.3122233858162808
TEKA4,0.2825305035195873,0.0648288684815511,2.9462499618530376,0.5969990272101319,0.1398160478582128,0.5123351589682194,0.29220719238483817
KEPL3,0.2769610125712758,0.022833356718587442,2.8526320802208445,0.66417798424427,0.11238058505642455,0.5613218243244024,0.2902699441533064
HBTS5,0.2742666881941922,0.11263655418620597,2.8080001831054657,0.4575320698236079,0.1632891191507448,0.40471598009692616,0.2764302129563352
ENMT4,0.27399659179129476,0.019060463684527504,2.803549441664172,0.7222593522875402,0.11487396535550551,0.6071131873776144,0.2933292550302426
ESTR3,0.2737810029767993,0.05049951710710975,2.799999952316284,0.4719241576824347,0.11497012975161121,0.40996737815433865,0.2712671698603939
CEDO4,0.2716463018685704,0.05463738277800635,2.7650000254313256,0.5796520825987131,0.12883974466913345,0.4963500345436282,0.2807459880325283
EUCA4,0.2690723930108616,0.033990856369089974,2.7231503981931726,0.5798682849502943,0.11208675289138757,0.4942009528982306,0.27664382854062775
SHUL4,0.2649439601143402,0.024202004243334713,2.6568213096711197,0.6242387219363098,0.10827987159973278,0.5283055739848154,0.2767992407094366
RPAD3,0.2635632084865718,0.038881287384836,2.6348547373028053,0.5428878160534123,0.1117501323618672,0.4645547024298706,0.2690274771330823
CEBR3,0.261698302836751,0.03713990279556218,2.6053572996234524,0.5898417277986593,0.11486592529999079,0.5017572028021587,0.272056805328823
POSI3,0.2562843909163921,0.041938440632220866,2.5208331139551396,0.5703313855600819,0.11621233015342411,0.48608739160292685,0.266254495352344
SOND6,0.25084157300343035,0.024965378574605603,2.4374999999999987,0.5769809292129066,0.10275455308131819,0.4891654385281289,0.2608678891814955
STBP3,0.24662901855600228,0.030205140037495835,2.3741176829618538,0.5557689823474422,0.10440391212034113,0.4722986017373036,0.25590062708329564
BRGE3,0.24556152064584502,0.05315040813978218,2.3582089711574024,0.5496947652059202,0.12204595509700228,0.4696270050432989,0.25673373385124626
DIRR3,0.24033821837709013,0.029301341643311864,2.281249824397103,0.546897029150321,0.10216459806739062,0.46448157932229706,0.2498904117810354
BRGE8,0.2399864601443047,0.04776616779705051,2.2761194375077007,0.49529754536990445,0.11174133478906133,0.4250132990900591,0.24629553943213928
CPLE6,0.2376634081939062,0.022317499472576913,2.2424024166747856,0.5809718759965555,0.0997175279971077,0.4907755915638928,0.25045966410203824
MRSA6B,0.23620731290479235,0.03627388554714666,2.221413735943838,0.4883274949023194,0.10147258921842851,0.4179101157670495,0.24142598836878051
ENEV3,0.2323934446583804,0.022553045381782724,2.166965952626525,0.5690296481647775,0.09818474558774198,0.48071836753583835,0.24507302508136036
TOTS3,0.23080741049814812,0.02614203921808707,2.1445462835437596,0.5402420480746003,0.09801857723174451,0.4578885834313038,0.24128433712778724
CEBR6,0.22883764021830233,0.03210825147236542,2.1168833179445032,0.5352019961282531,0.10209056481254788,0.4542561860716693,0.2398011369347037
LUXM4,0.2282657195074238,0.0223491824413774,2.1088888380262603,0.5534134460471858,0.09604726250856288,0.4677922470326288,0.24018883845479538
EQPA3,0.22706111222520797,0.027668501946379057,2.092105385614344,0.5209547367346126,0.0969363864530853,0.4422367508048488,0.23651121364826555
RANI3,0.22587131850327946,0.037710989913482124,2.075601218310707,0.5087758461301837,0.10363350839413202,0.4333789077458231,0.23534573840699016
BNBR3,0.22426509088505053,0.025576640440472056,2.0534349795975495,0.5282721628564537,0.09571503772652808,0.4476019034177153,0.234796953037733
BRGE11,0.2205213554552008,0.044957295746360454,2.0022780651533343,0.4919620055517616,0.1072141726977846,0.4201174695615654,0.23010901449397286
MTSA4,0.22045139074389164,0.025849929075698257,2.0013287439526475,0.5180365469881424,0.09452873703376202,0.43905936957247294,0.2307497602014974
SOND5,0.22024285837435276,0.028607769104124683,1.9985007153272178,0.5039867700604982,0.09530917812678485,0.4280744787962463,0.22945374061594453
CPLE3,0.21788430070761255,0.021889013195394897,1.9666665395100789,0.5392448426681191,0.0932241248938891,0.45537320552479604,0.23042082615244147
ELET5,0.21729378854510117,0.021801003383165016,1.9587396861487352,0.5292661101880578,0.09209679257984792,0.44732236734327285,0.22894174219320323
DTCY3,0.21658349658583465,0.043164749704235415,1.9492279282056182,0.4878620879887122,0.10497635822084303,0.4162644950199768,0.22636948103796248
TXRX3,0.21126418126587043,0.09630252812796443,1.878787920385248,0.6410060287301853,0.16226904350197713,0.5435614939235318,0.24274220069851132
APER3,0.21089397916737362,0.03547523859665193,1.8739373284863499,0.49136996785915527,0.09860658557997444,0.41773289606372677,0.2213997039794796
CSUD3,0.2089496592458333,0.02782845494979548,1.8485715048653804,0.49031173514020393,0.0921889033984401,0.415927199531726,0.21897374640566658
MILS3,0.19774038869648458,0.034311641542601946,1.7058823529411837,0.47429256583503226,0.09465260868723324,0.4026392556919345,0.2090527316949511
MWET4,0.19726799569381814,0.05621824490326587,1.7000000461455307,0.5350648482537492,0.11820788031736945,0.4534005026627078,0.21694270587075604
EALT3,0.19663371334708724,0.07842977877671178,1.6921183397093658,0.5069640713161729,0.13310360148769546,0.4330776062653183,0.21584635568695829
EMAE4,0.1948723031917663,0.031236985868584765,1.6703294745506274,0.4661816375301441,0.09109498276705885,0.3955562389301504,0.20563970489328595
BSLI4,0.1945133715425924,0.07711137330419436,1.6659072039661593,0.47654809487020955,0.1287952452846357,0.40840095038084634,0.21097664405151434
BSLI3,0.19334664837187931,0.059845622802938404,1.651573820624289,0.43619464566260585,0.11083062764579925,0.3742749436475665,0.20428134554405789
MGEL4,0.188941187498451,0.039296761040514924,1.5980196811932976,0.47254812447218814,0.09758634002947586,0.4008622944316471,0.20233743855003114
CEBR5,0.18723053832952496,0.03185304304459416,1.5774647158967139,0.46033933413466993,0.09023942168209483,0.3901798254451479,0.19900366838154643
JBSS3,0.18644800100443448,0.02594248295223855,1.5681063267657351,0.4474299265795346,0.08414177912018775,0.37918298965929503,0.1964956417567249
RPAD6,0.1862700707678533,0.039025633767585846,1.565982340105561,0.44662060946634796,0.0945095750374888,0.37982605802662234,0.19758068093767603
EALT4,0.18358384964673546,0.026974011552876695,1.53409076746832,0.4425320246010281,0.08419079666707771,0.3750814058007837,0.19381768333277885
EQPA7,0.17848725961699707,0.04336841762187755,1.4744744624341117,0.45240179933743047,0.09778363999294479,0.38410700719383184,0.19236682938952848
SBSP3,0.17652654375037247,0.02461401041479538,1.451847519986091,0.42996266417868517,0.08034012912474207,0.36408418675946497,0.18667890245964605
BRIV3,0.17632434137893016,0.04355011611135775,1.4495237441289928,0.4294211557298994,0.09541464259996915,0.3655243703329483,0.18835660028726983
ETER3,0.17206469711190686,0.04867273660211668,1.4009880042190153,0.47626530581848353,0.10377118957473239,0.40308598802618917,0.19014556193158552
PATI3,0.17035378671326873,0.031653050058782835,1.3817163556169558,0.41462817037297767,0.08382063575565091,0.3519032199755873,0.18091115141379102
MOAR3,0.16952015746356408,0.018534754983038783,1.3723723723723755,0.4405495225684053,0.07583477198962796,0.37124510929938453,0.18152455372599569
RADL3,0.1639033708991986,0.019696832228485218,1.3101941302194868,0.4157057181517496,0.073718374687883,0.3509245948341681,0.17466295175738236
BEES4,0.16318886371384367,0.020175292983711148,1.3023810751043587,0.41041970349361345,0.07350109110771463,0.34667217846464626,0.17361059061880743
CURY3,0.1609475307296171,0.026469392307415913,1.278012595154463,0.5599827771779118,0.09326854463668563,0.46672791404603275,0.18740324153222643
EQTL3,0.15703579357076025,0.018521531604649578,1.235988946926374,0.40238542784697456,0.07075934742549315,0.3394640747951207,0.16771933080177065
BEES3,0.150874248145342,0.014505070401659447,1.1710843426099022,0.417527292341066,0.06844421036996837,0.350559765727553,0.16390263479054615
VULC3,0.14953325773767756,0.026434193493578815,1.1571650696372795,0.3737405668551048,0.0734747372541413,0.3165891986072095,0.15964408222501042
EKTR3,0.1487863837635668,0.03370374916959714,1.1494443681504989,0.3662310112197209,0.07846473883400648,0.31123382226909313,0.15902258304978523
ENAT3,0.14644144786384405,0.0327997370292072,1.1253508143299515,0.38935291147861717,0.0798192255576119,0.3294064476721989,0.15936842314185767
JHSF3,0.14640714399526278,0.031183725016652262,1.1250000000000173,0.3794570114591307,0.07753339555876115,0.32132469606849606,0.15818978884378854
MRFG3,0.14591621436535762,0.031052905953216945,1.1199846168562595,0.38052311706636477,0.0774862579057458,0.3221154056849493,0.15789057379424426
CALI3,0.14568333752809526,0.03224397667323689,1.1176089165993135,0.3734214276708415,0.0777056578584832,0.31652987355680645,0.15711321045688403
TASA4,0.14282520793075282,0.03995751890955167,1.088628717605478,0.4109716465400461,0.08734570057472124,0.34705558991606733,0.15935308288956204
TECN3,0.14274163838844212,0.038956002271382593,1.0877862706564168,0.4051050524642684,0.08594947090237715,0.34225380603739725,0.1585994161843188
SLCE3,0.1419258232796179,0.02283031401464745,1.0795768148246956,0.35051265346706967,0.06750809888638672,0.29688573650308225,0.15087495537186602
FESA3,0.141635365406811,0.03250167705914958,1.0766603578185983,0.372395930234612,0.07740447121146196,0.31533044843428565,0.15379805305482497
CEGR3,0.14003046852863554,0.03432399746750265,1.060606060606061,0.32404641435355086,0.07386688626222077,0.27667257808245455,0.1478614160050138
TRPL3,0.1361876256184007,0.019709283694956465,1.022577460278439,0.33674974225446114,0.06306116374325135,0.28498948473490465,0.14459600308966233
EKTR4,0.13518545670517046,0.029039847621991396,1.0127551017925716,0.3490504907906826,0.07165547284717844,0.2956629230652623,0.14595739920540376
CGAS5,0.1345355998809934,0.025825958091002372,1.0064066889328318,0.3370365954139161,0.06781798600229286,0.2856654321283325,0.14391473525528659
MNDL3,0.13387806863807827,0.04148762668843517,0.9999999999999967,0.4095862036496376,0.08753652857951973,0.34520553245236146,0.1522098379442699
BRIV4,0.13257177250742846,0.028081366664112217,0.9873217235449245,0.3377545164278088,0.06949772222481351,0.2862689270594011,0.14264100631513488
TKNO4,0.12993003985798945,0.02129697839904205,0.9618833912914968,0.32062809809433623,0.06209339651446621,0.2716251803011721,0.13813653953572938
UNIP6,0.12862438036174195,0.026445876718912353,0.9494094668468671,0.3302752712262424,0.06704666653392832,0.27972724268905935,0.13857161908390905
PINE4,0.12693154273060547,0.03819292898921003,0.9333332909478103,0.37022675933770166,0.08027017339819875,0.3126938546421429,0.14238720301717556
UNIP3,0.1261580993679121,0.02157791962714829,0.9260244349548243,0.31033527293321045,0.06091167293183089,0.2630418202460744,0.13411779875036559
UNIP5,0.12539588622222797,0.02910609785572569,0.9188438491829582,0.33429872716567016,0.06925433962337038,0.28288918014033154,0.13665719147992197
ALUP4,0.12440945126579273,0.020996694407344627,0.9095834879833526,0.30543030435587015,0.05978133108804199,0.2588848580520099,0.13217026088895567
ORVR3,0.12388288208529308,0.022245291044652258,0.9046552108974111,0.5133374348062254,0.08151826452487365,0.42528276515797486,0.15266457825332225
ROMI3,0.12270832469693627,0.033783816934378916,0.8936997816414693,0.3510079865613346,0.07439868467333022,0.29645560341219923,0.13664584010712036
BIOM3,0.11919123336732262,0.04090121937061126,0.8612029867668689,0.37171570394972847,0.08181166922819412,0.31338180843357616,0.13661467902589208
ENGI3,0.11860208729748045,0.02775410670533376,0.8558043890703866,0.30899395436656135,0.0649628895306712,0.2618307828935305,0.1285564759451739
PTNT4,0.11798384622859026,0.027161295404849777,0.850152974319182,0.30732596815734003,0.06426001776247285,0.26037528868921606,0.1278358033390912
UGPA3,0.11640336939509832,0.043110471111758905,0.8357696720549523,0.3176487573024455,0.07789358955916151,0.27007038989264215,0.1291986183574991
JOPA4,0.11613465258509748,0.02256714639726254,0.8333333166723556,0.2649961195702975,0.056166794333349535,0.22586707555447402,0.12166404866483399
EQPA5,0.1136426681866547,0.039903892322685694,0.8108652675924832,0.32873864863483393,0.0761612455402974,0.2783455749588012,0.12777838864507574
ALUP11,0.11313724024829352,0.014979957196377852,0.806335882805461,0.27001341501916876,0.05029903128384851,0.22882245175980215,0.11900912942018949
EMBR3,0.11257405031733869,0.03157277529087285,0.8012997951681189,0.3213754106920677,0.06865316633363892,0.27151501111447535,0.12535405885216502
SMTO3,0.10833754049759725,0.026872051802876495,0.7637838415197358,0.2942945104541227,0.061760846537473185,0.24895656759334553,0.11878668862377771
EPAR3,0.10812341352321986,0.04574541893530383,0.7619047841660735,0.38868327665741176,0.08627700416630624,0.3263335045717818,0.12994160037784747
TASA3,0.1064840460526224,0.037856231713958216,0.7475728591962718,0.3616764812826553,0.07710103810469435,0.3037752128027823,0.12514050814175928
FESA4,0.10346974900061201,0.02654974550223162,0.7214699201532935,0.27274098957489723,0.05886087025933622,0.23119474111020216,0.1127048727082025
DOHL3,0.10170960919788463,0.07534640982126718,0.7063758408055185,0.4005223736486616,0.11050032614166838,0.33812350082084447,0.1289545657053006
CEEB5,0.10019135827205683,0.023836410364228736,0.6934432842902647,0.2472113979974882,0.053809403918337495,0.21017189526161914,0.10725786745381717
CGAS3,0.09979232546375116,0.031203252072097197,0.6900576493258181,0.283918964770278,0.06333373068108068,0.24023472956980726,0.11134608205523845
EUCA3,0.09935055137919857,0.0687336094887003,0.6863158376593319,0.43278674409459245,0.10820061713833935,0.3630378113624639,0.12963247646168813
MAPT4,0.09914341553323713,0.14221746602565277,0.6845637412067134,0.6657674745452665,0.1902650618283726,0.5567500677921022,0.16011322648368165
AGRO3,0.09885560015870731,0.02073123513668715,0.6821316767741197,0.23526750924729198,0.04999729904994965,0.20017269092737303,0.10468435456536376
GGBR3,0.0930074489722621,0.023358066553735606,0.6333334397578572,0.2328683339795648,0.05127403153817117,0.1979312187362516,0.10002859923113971
CAMB3,0.09269621556971885,0.0317228245054581,0.6307692894568802,0.3220256480994961,0.06685044597128798,0.2700624224871146,0.1095318197162705
CMIG3,0.09212003285371129,0.024520627933561162,0.6260310067636741,0.23972454209484212,0.05280095984170427,0.20344369975460094,0.10012054328580937
CRIV3,0.09178191811086323,0.04849261105085592,0.623255746386516,0.3560280419219893,0.08357508484397,0.29884988645376337,0.11387759978597511
PATI4,0.09026203028059032,0.033005749532772286,0.6108282941135368,0.25603717923096875,0.061034520577373734,0.21715652136611127,0.10111391710084636
PETR4,0.08859123192214113,0.028405089621563993,0.5972569059934814,0.2624388179098299,0.0578270766804483,0.22165068648223446,0.09995737629085232
CLSC4,0.08833503919624475,0.021390921764617387,0.5951842332336839,0.2074719558650285,0.04669343691782124,0.17695016078810905,0.0935543191199604
ELET3,0.08740468816649027,0.029743985759629155,0.5876759351327279,0.2600894490889732,0.05854460233324968,0.2197864266637905,0.09890709401805246
CSAN3,0.08614938083804069,0.023971637282090653,0.5775909941517596,0.21965710751797302,0.049757958661273895,0.18673778782639155,0.09328237915043892
ALUP3,0.08499889357196277,0.020188227398612618,0.5683942808650317,0.18978214263446308,0.04362868553953268,0.16234442620462802,0.0889961518608778
POMO3,0.08461679303112257,0.025755411700175864,0.5653495912099618,0.23184099775915631,0.05225010843916858,0.19651001868045492,0.09345307537083128
CLSC3,0.08460018851154527,0.021254499891453085,0.5652173913043483,0.19551914535482465,0.04501553329979946,0.16700078512415958,0.08935751533386399
TRPL4,0.08423167088830152,0.014963638589443669,0.5622857230050273,0.157452200425795,0.03613929800296459,0.1358812912884105,0.08462692061216508
KLBN4,0.08369454072419646,0.019601362734959334,0.5580207443560958,0.18322748185717552,0.04237329244610467,0.156911575831656,0.08723851703857066
USIM6,0.08338352632818813,0.026622061563758206,0.5555555555555549,0.2235969883021075,0.05199570071403613,0.18987814943088066,0.09172872604913707
RAPT3,0.08127555921659746,0.025326702625775056,0.5389312412485816,0.222759706839291,0.05066488870620889,0.18886799165567006,0.08982908831978458
POMO4,0.08112327588587243,0.027619439208222393,0.5377359275675295,0.23637483557764175,0.05384536251292933,0.19997413997152289,0.09129804818728435
PETR3,0.08068933282090685,0.029013282730042445,0.5343339577842536,0.2504789875054387,0.056327458216668506,0.21135345155944588,0.09250069328027358
TAEE4,0.08024799564607799,0.01373194833396601,0.5308803435132319,0.13430261839578383,0.03244062007135899,0.11684008911463148,0.07900185318983738
RENT3,0.07859472943545365,0.02818342925660842,0.5179994965394494,0.23160493365881388,0.05356670971471349,0.19596176279625732,0.08885461983990514
SAPR4,0.07857008598144488,0.02072772399897058,0.5178081690694718,0.1762548436955863,0.042064672166879584,0.15093365595451058,0.0825543255546116
RPAD5,0.07808997645087223,0.028368299518216827,0.5140846199611906,0.2276142704408325,0.05326506430374394,0.19273724394957492,0.08807023815660273
CSRN6,0.07579228267844429,0.044614604590648005,0.4963679557125664,0.3201005980145676,0.0752809717418196,0.2681211671385633,0.097105346403277
GGBR4,0.07425961255450719,0.026135074282987628,0.4846447540011112,0.20795494909849133,0.04912951559168996,0.17640342796254255,0.08281669238175365
CEEB3,0.073313221856804,0.01740798195122027,0.4774435591526529,0.13565272272165962,0.03482298001882258,0.11759429855813014,0.07395664795273119
GOAU4,0.0727885679038347,0.026149555506113312,0.473463745191004,0.2060102648701874,0.048799527682292856,0.1747020242371447,0.08144683636069783
ESTR4,0.07259531586008516,0.03937852767115295,0.4720000267028812,0.28308246708650314,0.0670706004315812,0.23766335802232633,0.09032235216383375
LOGG3,0.0724133860937004,0.03196800207501927,0.47062315285740697,0.2480319053943503,0.05761893080882048,0.20886366313235222,0.08593069962189728
BRAP3,0.07053691852771138,0.024398014223653324,0.456483165595267,0.18606494716101427,0.045178597947795225,0.15834545100394787,0.07747583096063587
CMIG4,0.06857991794010077,0.022381287558399954,0.4418551039851608,0.16326301925892475,0.04108932376662251,0.13970653595698987,0.07342836503381309
TAEE11,0.06737099308553574,0.012926610906365684,0.4328789730916509,0.06990774401759138,0.02406916243540526,0.06395595561326325,0.0621802299608243
CXSE3,0.06692382830379073,0.019161377648044802,0.42957043880259516,0.28376917637724214,0.05039840258653913,0.23562386169697727,0.08383211804556129
GOAU3,0.06632284459596383,0.02367186537204113,0.42513366580612555,0.1710139826885305,0.042671175026082336,0.1458106571476249,0.07252686048282823
INEP3,0.06566497831922735,0.05684599620278601,0.4202898876227852,0.4145280400480194,0.09349609879895349,0.3438735294906169,0.09966938628046243
CSNA3,0.06476438743940816,0.03424446688189588,0.4136808256065174,0.25471877970464923,0.05934389021992244,0.2136759091958498,0.08070783461018104
KLBN11,0.06383228121208084,0.01939386242533722,0.4068670235681284,0.12170649171019197,0.03406896723249706,0.10568780773189539,0.0651758603832176
CSRN3,0.06017181192956489,0.027255859605278723,0.38036816276915864,0.18792337030162287,0.046614205907341756,0.15908146339478269,0.06965537253434208
PTNT3,0.06004505006886807,0.03940775547722751,0.3794578831042914,0.2661488928756454,0.06414559867623336,0.2228643948551259,0.07859170489038175
PFRM3,0.059772178939986764,0.02960590245602534,0.37750005722045166,0.2035014228016949,0.05001208213898844,0.17173894638095713,0.07112847567776144
RRRP3,0.05963402573705556,0.030902439729740837,0.3765096882221526,0.27644546840877493,0.05832990119837572,0.2302100212736996,0.07844201140349603
SUZB3,0.05853514364467993,0.023908614325064314,0.36865295128118314,0.1495820069776063,0.039938606522280075,0.12790998137905946,0.06417717704601102
BMIN3,0.057135018092869805,0.04612246795245526,0.35869562752643436,0.2770977012878519,0.07032124630003637,0.23200390963481402,0.07803003139832655
BEEF3,0.05637510718908656,0.02824632209727767,0.3533162230341498,0.18735907679940783,0.046970476076671576,0.1583494043681627,0.0666606256409378
RECV3,0.056272432114707005,0.030129967980576853,0.35259072598268126,0.2883637509866693,0.058567592694599116,0.2393312407988638,0.07686731758849022
ABCB4,0.055906984109328706,0.02132878251929193,0.3500110714482847,0.11753362329016888,0.0344070867553833,0.10175047529499717,0.058611827868409044
EGIE3,0.054576901441427905,0.015139939222837464,0.3406561592277466,0.04089853791299974,0.021659495313712737,0.039690514396826325,0.04926536886672605
HOOT4,0.054528127806554805,0.045024394911297276,0.3403141295902399,0.29002576117061313,0.07047490482675461,0.24197586120827572,0.07712751785343488
SAPR11,0.05392240063345155,0.02032360634160315,0.33607236126694806,0.10072705511493202,0.03172383064812088,0.0880062447894511,0.05524298665241476
BRAP4,0.053435251030808706,0.024357796340641245,0.33266894414153314,0.14322195628064757,0.03915195780365863,0.12235686976166306,0.05950617608677585
AFLT3,0.05246706279000901,0.07153062112920659,0.32592587425221375,0.342019126427368,0.09667311582510299,0.286015069533816,0.08332862498766468
ELET6,0.05226909979439465,0.02535341926872448,0.3245505816940546,0.14961378780868545,0.0404710241752876,0.1274532821532603,0.05931200054325672
PORT3,0.05112422128721916,0.016195548181296936,0.3166197472322403,0.24325148469790323,0.04239400914354979,0.20133316470517418,0.06684408031769534
GGPS3,0.05007655386298149,0.022680495171305624,0.3093964239763505,0.21235236981454542,0.044387288504797194,0.17715760075506506,0.0635645295889703
MWET3,0.04941373507446123,0.07252589758799376,0.3048432866524238,0.4267683885761693,0.10563893043545806,0.35360867412718094,0.08946041667598528
TIMS3,0.04924755290064331,0.018938917428270457,0.3037037571943624,0.07061042472072794,0.02713693170475349,0.06330698680947373,0.04835297653541449
BMIN4,0.0485118591465894,0.03691167539083503,0.2986688071708661,0.23766019350317485,0.058146545577644454,0.19867050825628232,0.06626667420667251
LEVE3,0.048342916576325834,0.026189614727267236,0.29751484664353867,0.14939779057989838,0.040725762497436216,0.126971485594278,0.056233073791777236
CSRN5,0.047634184496417875,0.025818438910404407,0.29268300341822706,0.13889203816948376,0.03930737339491369,0.11845889287626923,0.05457839530512312
TXRX4,0.04684099087185012,0.08622588131953272,0.2872928162240582,0.4442037183028973,0.11808517597310092,0.36866966186145617,0.09051575265972311
RAIL3,0.04640911833875405,0.023431750956756363,0.2843657509068023,0.11267450837209676,0.034653763436490174,0.09712369362722846,0.050737920603888556
TAEE3,0.04566417431168013,0.014266656739910327,0.2793296148913853,-0.008445767336012077,0.01513516608949507,-0.0007635307636506159,0.03711342838973393
CYRE3,0.04319613364650654,0.03189992940929276,0.262759991180775,0.19650494984520495,0.049490051876605365,0.1647135661817439,0.057397394842655006
CRPG3,0.04296151642696855,0.03090461350239593,0.2611940372863897,0.16960525874345359,0.045980368318958964,0.14307081998769933,0.0544202003661598
ENGI11,0.042861409315482435,0.019912500676245917,0.2605263559441817,0.06311828182752414,0.02652796965529739,0.056772016461192155,0.04259220570276296
ADHM3,0.04023182483521892,0.0433479705199372,0.24309125551929167,0.23463894369099342,0.062165453268570994,0.19606913448831037,0.059984151289268206
BMKS3,0.03954713276801303,0.030324933668079732,0.23858404919109732,0.17249442296067719,0.04546410250733281,0.14498274501215103,0.05191964187728611
PEAB3,0.03936087082737316,0.03354420185178194,0.23736023774150006,0.19493832586601959,0.050265281150764826,0.16324116796073118,0.054336949433678686
VALE3,0.03877380948360942,0.024679462118176017,0.23350949832736556,0.1093758226198979,0.03455853290489155,0.09384598525609687,0.044424576060694936
MERC4,0.038618596937959326,0.05148587159335805,0.2324930469594424,0.29511523140970825,0.0745620801094532,0.24510263198089835,0.0655549878506741
DEXP4,0.03860439896638135,0.07046123231769498,0.23240010194397476,0.338605390274927,0.09408996477828682,0.28179087534834923,0.07179018143236728
RAPT4,0.037981770492353295,0.027663607947301657,0.22832979267462838,0.14197525963945326,0.04012658937102199,0.1201447455555281,0.04734930315255813
TFCO4,0.03695193994939405,0.02596064987395171,0.2216216422416053,0.16050068080641294,0.04051378197474207,0.13469180362746494,0.04820768502755171
TUPY3,0.036084134526966016,0.023846153599080752,0.21599221139634417,0.09091986689113336,0.03177732302107454,0.07872892232551137,0.04034390967059423
SYNE3,0.032685908946263664,0.03741891565731261,0.19415202460591519,0.2453942812035121,0.05774315154082767,0.2033259074231673,0.0544300468430934
CRIV4,0.03249274626310483,0.026112623627065814,0.192920293336712,0.10669420542256478,0.03480879407021961,0.09121590132706889,0.039274879915446925
INTB3,0.030848551567356886,0.02421657544020188,0.18247788405140364,0.13068139871546625,0.03552625538044382,0.11005163167312888,0.04016863866945232
TRIS3,0.030677412163342188,0.033924140214586264,0.1813952786913453,0.19370789842971997,0.04957784323097523,0.1614264739815688,0.047305133595104375
CAML3,0.030586715290695565,0.023495966979428396,0.180821871278795,0.07200592785287263,0.02905603789789954,0.0630130105093105,0.03401956171578656
BRGE6,0.02993129840981812,0.061544150018540224,0.17668493760815696,0.32707116960541716,0.08493556681635571,0.27080448052716954,0.06280657069025024
BBSE3,0.029517935296781594,0.017450799108246404,0.174081933555839,-0.01746443524333568,0.015165989291941717,-0.009274674754165744,0.023612984623916353
CPFE3,0.026154277512182578,0.018660724679437204,0.15307527007864907,-0.008312949286895525,0.01671271256607847,-0.0021688592103544426,0.021958199549000232
IGTI3,0.02614713173905736,0.03050965434538956,0.15303097329256765,0.14557799317327602,0.04158023596754499,0.12212807314706552,0.03852647014311245
B3SA3,0.025083910049646718,0.025908168596998276,0.146455548773343,0.08945968897676511,0.032180894780239805,0.0766669590460766,0.031603913797093715
PSSA3,0.022491546372813476,0.018337309623093268,0.13055183877435184,-0.027660052732753848,0.014152997062480578,-0.018045156586612408,0.017060962787284722
NEOE3,0.022257903115846744,0.01944716289909102,0.12912739695030861,-0.0011437964253354746,0.017669140988323943,0.003255469461225397,0.01963665914005295
VAMO3,0.021874244337966475,0.030141643809226966,0.12679155024263555,0.1592834429560001,0.04222908377677823,0.13262834317951944,0.03644190414689589
PEAB4,0.021117376888889483,0.037681433293623966,0.1221950810130028,0.23864788813745338,0.05612167313753346,0.19679819152821407,0.04452683365421932
VIVT3,0.020047539379322243,0.0170122075513964,0.11572413485515098,-0.06057055818204632,0.00955746416084471,-0.04475047185256519,0.011682196440392801
PLPL3,0.01928176516517821,0.03456820585254148,0.11111111111111249,0.19173783168042213,0.048756524366593224,0.1587752624461097,0.03805601588543893
BALM3,0.01879413607209357,0.036047841782221396,0.10818178003484391,0.14762748479475624,0.0454804355124621,0.1235861856212365,0.03340284151537262
AALR3,0.018121418943731316,0.03335742114807044,0.10415095203327729,0.16379110903681227,0.04487718971651071,0.13618077123862998,0.034211988173473325
ENGI4,0.017061773923880308,0.027192956875478028,0.0978260566753344,0.08736286512514235,0.03219682940528469,0.07431576518004972,0.025105001339166284
SBFG3,0.01564753008887343,0.038116749600176136,0.08943084640145615,0.21472221120201734,0.05353037380922999,0.17715419693051884,0.0378019201513181
CGRA4,0.0151205212959995,0.021784764952592774,0.08631590112901533,0.006074444973087651,0.019547308588982935,0.00855008460332935,0.014882338029367646
CRPG6,0.014028374623193951,0.030193099772242615,0.07988385507927598,0.1204137529910382,0.03759869257921731,0.10075314983237421,0.026283384974883243
CGRA3,0.013908991204115484,0.021913979288595162,0.07918265766176935,0.005085092223791039,0.019430591773666784,0.007650370828303896,0.013827100114531008
BBAS3,0.013739768034203959,0.023382461641724427,0.07818936565977808,0.027419088708234125,0.022821854987623354,0.025647493934180143,0.016071969462359025
EVEN3,0.013244472208601143,0.0334848957887284,0.07528642031017485,0.15608775767075417,0.043721139618918256,0.1295431429363363,0.029552843112829172
IGTI11,0.012990874741792391,0.021517221327986856,0.07380255603373187,0.03716429037920708,0.022229293574489432,0.033182241910343586,0.016260850964153306
ELMD3,0.011701793651681447,0.028255272356896392,0.06628570556640456,0.10192380946463099,0.033966778197148356,0.08553475417256258,0.022379343103497897
OSXB3,0.009902523422528287,0.08911119458241958,0.055865936297753827,0.469971832098051,0.1192763912179936,0.3858788374789356,0.06383032140606969
CCRO3,0.009318193678826026,0.024930924937654753,0.05250000953674028,0.035683464204494454,0.02444490573845585,0.031971683225243644,0.013515993857275742
WHRL3,0.008448382290382916,0.025196383778303095,0.047505892506632286,0.03994860503314129,0.0249968057549949,0.03532336063338164,0.013273204713450773
AURA33,0.007944554901834655,0.023524231773837005,0.044621997839923155,0.020712348989832624,0.021685075808236334,0.019716757859433266,0.010779301997834688
BRFS3,0.007087075968681411,0.03217787856070695,0.03972875860208891,0.12628683846602454,0.03907969429203616,0.10495596622575848,0.02151613247761828
CRPG5,0.006757078376729009,0.0322773944612074,0.037850621682929964,0.1250166648412567,0.038999289890764496,0.10391677915679902,0.021135068631629617
JSLG3,0.004911391961176292,0.027271408835840623,0.027397285052960685,0.06363284281460856,0.028671550546250986,0.05412455433138854,0.013019538733985953
LAVV3,0.002643819754386323,0.025412874717003767,0.014672699715396753,0.030607594752285815,0.02365544122427023,0.027291745248967665,0.007717102750438017
REDE3,0.002472892153486672,0.02384374299555249,0.013718785953882984,-0.007478755378347585,0.0185744080739559,-0.0033513407877741523,0.0036148124845098275
ALOS3,0.0011510312108584664,0.015015741412340508,0.006366502551415909,-0.15006845218154333,-0.00287914896719608,-0.11843808448291476,-0.012584446108233508
KLBN3,0.0003543761878987972,0.021965105783609575,0.001956576967510726,-0.0340859357271143,0.014198928672966111,-0.025036800384540602,-0.0009285820440314346
CTNM3,-0.00021361263924912777,0.0677397445282855,-0.001177883292276527,0.27277239914612367,0.08144767427331587,0.22497053250580257,0.033880324256041615
LAND3,-0.003276678598263305,0.020900284789044155,-0.017943425327032747,-0.074265475120339,0.008966012459375092,-0.057650019477193115,-0.007957861911740128
MULT3,-0.004407996116078339,0.0253345558272684,-0.024077061783020715,0.009216363804805333,0.020748481430687422,0.009465747014963274,-7.130492965529752e-05
ARZZ3,-0.004502626542554733,0.026179852393057406,-0.02458869239891981,0.021151484826750243,0.02260876774286548,0.01908891044645046,0.0011310324879369787
CSMG3,-0.004970661464109516,0.023217052217762307,-0.027115950714353465,-0.026133812525328745,0.015463194375266023,-0.019082410944897717,-0.004268205202044257
PNVL3,-0.007190993351654629,0.024188596398700316,-0.03903219896846599,-0.01934534691434652,0.01669724309236014,-0.01377651722677265,-0.005268469732888324
ITSA4,-0.007398133102054505,0.01795753704298696,-0.040137770301179154,-0.13952251706030816,-0.0003260353818466972,-0.11056207325415328,-0.018075004483375724
VIVA3,-0.007615708160328083,0.03283032220004124,-0.041297916609400076,0.10701639808397088,0.03620432675239728,0.08813457987114803,0.007892105500138746
LUPA3,-0.008103434744070714,0.05428070250491866,-0.04389438487128006,0.30161184369703037,0.0727754028992309,0.2459072017337091,0.029106506824938334
RSID3,-0.011474224182944415,0.04160118386922073,-0.06168222982963312,0.19573344952540628,0.05170686962962277,0.15959945558895267,0.01455408399310717
SOJA3,-0.0114830509801076,0.022911758580056514,-0.061728451023405295,-0.07434550600734086,0.009746551165300366,-0.058333534045877794,-0.014329815526814515
SIMH3,-0.012167357319985639,0.030165800053433816,-0.06530612589137108,0.04875663400026099,0.027791567710774588,0.04080515147355362,-0.001841642450619031
DMFN3,-0.01242815255354357,0.021881265847398,-0.06666666666666621,-0.1086336203471661,0.005398835387847431,-0.08596158494834745,-0.018617757492811665
HYPE3,-0.012448677477443493,0.02193489552760224,-0.06677367413091873,-0.07232202379418562,0.009070846294918881,-0.056908997230332624,-0.014997654808613132
ATOM3,-0.012454921401718333,0.05159507507771841,-0.06680622507271916,0.20673584161783196,0.0607041520837861,0.16930268866186557,0.015869154548180373
ODPV3,-0.014225639407461577,0.020945532532060034,-0.07599993166242247,-0.09615586270552196,0.005718275814349673,-0.07625270085195772,-0.018901544543315454
JOPA3,-0.01635482911214281,0.02882585450278038,-0.08695652173913082,0.027376859453117058,0.024162886636321733,0.023148590101557405,-0.007463591894124504
HAGA3,-0.016503837163675428,0.048394388953261744,-0.08771930118090088,0.22631003373257624,0.05969613081949948,0.18423708216501963,0.014267372537643458
TGMA3,-0.016553714437223976,0.027615676162858753,-0.08797450878331226,0.015049831934667971,0.021942152680031402,0.013146061720297855,-0.008976420740026508
SAPR3,-0.01774289916745475,0.025207346394065227,-0.09404193571621255,-0.026550624240822943,0.015736524774424412,-0.02049405466999731,-0.014328647118639574
PTBL3,-0.017822027224111747,0.037649287908242,-0.09444448516201776,0.1465088986633245,0.042988117470514876,0.11918984499907263,0.004158196877867252
WHRL4,-0.01930480079889174,0.024756777830721128,-0.10196078248044271,-0.03753356834722136,0.014121585349965595,-0.02948165697459415,-0.016721519690763416
MSPA3,-0.019741893707863722,0.010622841612480836,-0.10416666666666652,-0.4677585250683179,-0.0402517685876335,-0.3751187252641926,-0.06150708331187468
ITUB4,-0.019987742771919392,0.020095196310840068,-0.10540544664537821,-0.1322285201404417,0.0008545307574359465,-0.10577207075846129,-0.027203526600495676
TTEN3,-0.02000358591523288,0.027559073683389942,-0.10548522867177679,-0.03601117310150017,0.01644578304503865,-0.02805338970438443,-0.016848078673997326
ITUB3,-0.020244137217298896,0.01819814431378148,-0.10669586811937148,-0.17770232295886187,-0.005236130566590894,-0.14236645765744124,-0.03214572763834716
FHER3,-0.02083771415294311,0.05297457296347376,-0.10967746632734743,0.2970255126191891,0.0699984382174036,0.24083409597640434,0.0183298372359118
ITSA3,-0.02258817938671065,0.015356783579990338,-0.11842282728415898,-0.27212100658155053,-0.01718549173283385,-0.21841994484591246,-0.04374696580952454
RPMG3,-0.024337146957891576,0.05111007759876049,-0.12709033887254007,0.22593696170468727,0.06104804355368797,0.18342686242783673,0.008234986364031516
LWSA3,-0.024553039364091256,0.043805744910254,-0.12815540039367568,0.1961539735264339,0.05220468934443747,0.15884844937576342,0.004353540352395786
LIPR3,-0.024564983067096646,0.020670690745447202,-0.12821429116385374,-0.1381554913035188,0.00026450515929621506,-0.11091382227498,-0.031400466509484484
VLID3,-0.024958470414147893,0.03255802233771264,-0.13015263739668526,0.06665541906090222,0.03021611273484555,0.05408429044107826,-0.010045432191456828
VBBR3,-0.028234456847197054,0.025347141864323856,-0.14615381681002337,-0.05211230361576135,0.012243037445163245,-0.0419785743908964,-0.025264081652901393
JALL3,-0.030300660595800943,0.022994787188814085,-0.1561214233849677,-0.15559792605045272,-0.00019402891357409892,-0.12520892818106089,-0.03750084236280462
GPIV33,-0.030694107496321177,0.03274684166080615,-0.1580086144453614,0.05977198406700561,0.029105260985713366,0.04802286067005299,-0.015303403424275767
USIM5,-0.03496624377235302,0.030836529973025686,-0.17827866089277022,0.021810688276812235,0.02335366842886647,0.017035579241517055,-0.022708273192898625
PRNR3,-0.0351421103183539,0.031771333669331374,-0.17910445424277222,0.017077927082357162,0.023610648611865424,0.013325264000983477,-0.023228762179514268
GMAT3,-0.03559075014309587,0.02565046661370597,-0.1812079960581483,-0.10999781389001244,0.005961516887653947,-0.08899227946494895,-0.03690733484210734
WIZC3,-0.036044989845976705,0.0323819225941074,-0.18333329580448243,0.044398020746870895,0.02674084116537534,0.03515210987230979,-0.021157997542683535
COCE3,-0.036232773070812074,0.020561899769044253,-0.18421057663497054,-0.1760720825535583,-0.004780965747201634,-0.1424247533730234,-0.044537236735101064
FLRY3,-0.03658219642856397,0.021491141859927114,-0.18584095003243706,-0.1532797757322396,-0.001793283728138667,-0.12413292604265537,-0.042444620530082425
EQMA3B,-0.037005508735059034,0.017865645392296233,-0.18781250715255637,-0.24736654327792668,-0.014144688887461584,-0.19980722095661763,-0.05255449677661027
ASAI3,-0.03878949631950268,0.023435172727393476,-0.19607844839589872,-0.18781383809597912,-0.0039121952596334,-0.15178650283599424,-0.04746946359246071
GEPA3,-0.03964111836117168,0.02183041048239473,-0.20000000000000273,-0.15542468161845993,-0.002042251612047378,-0.12612081608264564,-0.04507232180254386
SRNA3,-0.041679341565827754,0.02702704994943184,-0.20932205314439056,-0.17659850067732233,-0.000206144264769538,-0.14274402970349748,-0.04830061832545125
HETA4,-0.043050396979468886,0.07211372942630834,-0.21554255572265135,0.3681332248802779,0.09019926633112757,0.2974129131489062,0.009584377847083513
UCAS3,-0.04436145471591191,0.03115526034439535,-0.22145331545771707,0.005909908490233249,0.02107905365294841,0.0034073073550349433,-0.03178264688926667
MOVI3,-0.04463306581601467,0.03319211763826486,-0.22267327262064396,0.038871446243056954,0.025977532153316114,0.029953062176670583,-0.028500096264679562
ECOR3,-0.04469191296170283,0.029624378322094476,-0.22293738162584886,-0.018640374518476745,0.01736627390965762,-0.01641905307874223,-0.03465512998900049
AMBP3,-0.04591124867301655,0.032439381569420354,-0.2283933126761526,-0.014966456292885998,0.019863734758946032,-0.013320351744668418,-0.0349817064107598
MSPA4,-0.04694667666866936,0.00542817986314433,-0.2330016850617993,-1.3674244843692374,-0.1370945722132752,-1.0980914371759425,-0.17375697178554478
AURE3,-0.04941633005421264,0.015221648258706684,-0.24390244469764522,-0.6916628862441047,-0.06193060302286639,-0.5567497771748344,-0.10717718784190992
BOBR4,-0.04955838381582656,0.028833305392279494,-0.24452557443867795,-0.05131536176997031,0.01297926975524391,-0.04312479725833095,-0.04189491269043033
TEND3,-0.05030129155810459,0.03948691470926212,-0.2477775510904222,0.11306427555278056,0.03786583016687729,0.0893699827573402,-0.024985914220279407
ALPA3,-0.05218049068133834,0.029723376630200003,-0.25595235772211034,-0.03329337083179178,0.01523131515284699,-0.02888040807054726,-0.042101391965229856
SMFT3,-0.053491653362813585,0.02931455208552902,-0.26161292291456695,-0.14599283499515117,0.003503192832626737,-0.1192119781238494,-0.05446115098121308
GRND3,-0.05429420329482226,0.022692878313748242,-0.26506026934289995,-0.17797073222355567,-0.005072190900839199,-0.14553671827695194,-0.05896314802683856
BALM4,-0.054580044411908224,0.03320164249551095,-0.26628491023071355,0.013250324675497967,0.022428342022767736,0.008462419548758648,-0.03901883881242569
HAGA4,-0.05622309911377188,0.04025123486497256,-0.27329195857824673,0.09974911398184173,0.03655358937878504,0.07820210476059346,-0.03097844440633607
BRBI11,-0.06142646683790065,0.026643980496420205,-0.29512196052365425,-0.24174156070856925,-0.009001618357510826,-0.19687149720100347,-0.07065093149153542
DXCO3,-0.06216102969738646,0.029576844592820565,-0.29815998928315635,-0.0574240556453313,0.011702967139984675,-0.049197663026721634,-0.05251354486316024
MDNE3,-0.06234493358325899,0.038336755767938935,-0.2989189044849284,0.05804256555434797,0.03023916781146005,0.04403323466194637,-0.040238014734378505
ABEV3,-0.06343550242866225,0.018988050882887793,-0.30340555630156696,-0.31090428685274674,-0.022243538221830665,-0.2531681746367748,-0.0799400255399157
AESB3,-0.06436568384650387,0.01683785838877544,-0.3072137648435571,-0.5634154337030174,-0.049307825043931774,-0.45548512950818676,-0.1061503046086273
SANB4,-0.06713149151798736,0.022329533346211232,-0.31843655784313274,-0.2282524443010723,-0.011674766904936984,-0.18708215125803548,-0.074297484309876
GEPA4,-0.06714219858117343,0.018145922275843433,-0.31847971271081077,-0.35314901746762295,-0.02751238378420489,-0.2874188416046313,-0.08721406838411669
ALPA4,-0.06774474607009595,0.03140567983055923,-0.3209046803545933,-0.039489857825177395,0.014401083474920053,-0.03522579288409559,-0.05500421465553858
BGIP3,-0.0687205452787869,0.02141027049457094,-0.3248168224086114,-0.2629883899434351,-0.01604267712656545,-0.2151217394331697,-0.07913424816791595
MAPT3,-0.07046030906807965,0.08723784170668332,-0.33174604592259604,0.2860529795633514,0.09134954041487382,0.23052013691454148,-0.01903916512746025
SCAR3,-0.07056643576727928,0.02699965047803742,-0.33216684143742226,-0.128553783754137,0.0016876984302883098,-0.10719970553223379,-0.06660856194143339
PLAS3,-0.0712359390571714,0.04329414538180061,-0.33481644367942787,0.11498281807616438,0.039010004207339785,0.08919207509339443,-0.04116105489994063
CEED4,-0.07308901407447965,0.03437413838852626,-0.3421052631578949,-0.05057616346409044,0.015132792956963997,-0.044332418339867695,-0.06009141376714014
BGIP4,-0.07426832735814093,0.028672738866226455,-0.3467097855146931,-0.10538507585476008,0.004972850771691063,-0.08886761953299951,-0.06708589558536611
HAPV3,-0.07441146882676619,0.035328694240800755,-0.3472668682108696,0.018471887824170082,0.022668997292380998,0.010869232800739523,-0.05414911685491587
VITT3,-0.07479464098905342,0.027912062290075566,-0.34875619652300516,-0.28939669110152466,-0.014089483376997355,-0.23620561075111754,-0.08598417567238766
EZTC3,-0.07529322404560812,0.03181885761203096,-0.350689941834498,-0.04921687304056756,0.013004076381007198,-0.04372093507581177,-0.06197438077934016
BMOB3,-0.07539472188959584,0.025809198936933755,-0.3510830228584011,-0.28725920579611697,-0.015618033619024278,-0.23476591693215978,-0.086460778197595
DOHL4,-0.0757776011214708,0.0234660909025832,-0.3525640849295917,-0.22783668329589757,-0.011588555719670277,-0.18750049765860682,-0.08105914013650808
USIM3,-0.07757860125395666,0.02819323075197544,-0.35949367862834414,-0.12241238431176284,0.002555486045008404,-0.10286844449960839,-0.07148479635914406
ANIM3,-0.0786761611580371,0.036869345418168706,-0.3636868261563925,0.02723561037758711,0.024351421256489966,0.017607806728082848,-0.056530433346854106
COCE5,-0.07909762411135146,0.019078823071574064,-0.3652910101350664,-0.3660001809386058,-0.029246722047736477,-0.2988020248548624,-0.09797023507578434
BRSR5,-0.08278001071158914,0.026056673941572038,-0.37916668256123764,-0.18186076672247495,-0.005618738590148777,-0.15116094705498168,-0.08180441784736162
MDIA3,-0.08375123833394627,0.024440573814308815,-0.3827846849404488,-0.2215910152887665,-0.010981766310824226,-0.18320387868297697,-0.08671603481460279
CBAV3,-0.0841277987632939,0.03504800131642478,-0.384182789703186,-0.14747494163622563,0.004878127013187867,-0.12288793305366742,-0.07854493304261521
DESK3,-0.08449923954504313,0.0362355214888376,-0.3855593447646304,-0.1303306927612639,0.00750542396043938,-0.10909092601463169,-0.07700890876327714
SANB11,-0.08599206544154603,0.021578593160527147,-0.3910663567732594,-0.30785387773683737,-0.022121719789416627,-0.25272444941757183,-0.09742118081086786
PINE3,-0.08613837157790738,0.06015779267295987,-0.3916038962617462,0.2613732740052741,0.06564972438110457,0.20650056131372455,-0.0367575905945025
AZEV4,-0.08636653919917592,0.060425041516865466,-0.392441425435046,0.27084981557880794,0.06678836085145558,0.2140857026948153,-0.03596574564977341
OPCT3,-0.08843744518698726,0.035587091965898814,-0.39999997434060064,-0.11275948391103348,0.008349980662916978,-0.09549262245093564,-0.07846719534410329
TPIS3,-0.08886821654047006,0.042721210754945976,-0.4015625208383389,0.07941318461182391,0.03323146541109217,0.05891584711090673,-0.05888113369569905
CIEL3,-0.09010295769958943,0.031813065707273415,-0.4060228741208358,-0.08522042762157896,0.007918114033701896,-0.07400533129649477,-0.07742310235110211
SOMA3,-0.09267626381014138,0.030753909631188035,-0.4152311908055075,-0.19001879333409868,-0.003666378009473576,-0.15820727008517427,-0.09006749941840417
RDNI3,-0.09501758090009016,0.030915205474954233,-0.4235074930598389,-0.11085532091138192,0.004144874198816179,-0.09509449427161913,-0.0840080762637149
CMIN3,-0.09765730343275758,0.026096176800607062,-0.4327233581736909,-0.3795235548510537,-0.02684114438789548,-0.310774956544058,-0.11346858055125073
BRSR3,-0.09927387973360768,0.019655589655470682,-0.438307384047225,-0.41803445270854206,-0.03600636151983844,-0.3423893911746474,-0.1192569900921933
SANB3,-0.10034621385727494,0.023815972771377605,-0.4419865832403964,-0.2878995532206748,-0.01977179849069289,-0.23797266668512956,-0.10668532913074967
ONCO3,-0.10153667684147394,0.03781525379638114,-0.4460479497285088,-0.17829207070422173,0.0022693282825353434,-0.14900579886788667,-0.09527702316396322
CEAB3,-0.10204589985017332,0.04334962626475587,-0.44777780108981713,0.051625761812686695,0.029637687208056034,0.03543098209160761,-0.07213918107239439
OFSA3,-0.1022197000344316,0.023963023396150116,-0.448367194054056,-0.28591140901057044,-0.01964269218758011,-0.2365547948722845,-0.10797059858898732
FIEI3,-0.10253922804018756,0.036724352243701124,-0.44944943683573213,-0.019893943880786857,0.01713616460286346,-0.02249664268427813,-0.08034834159585863
INEP4,-0.10278846947917519,0.032748573087608264,-0.4502924113180501,-2.608513339547851,-0.244931322432616,-2.0938146612774373,-0.3398072522293644
MRVE3,-0.10392231488181969,0.03352157834151338,-0.454113931332886,-0.07958079906452348,0.00846695127857639,-0.07070471290564942,-0.08774377397775676
CRFB3,-0.10399363376169846,0.02353802348955011,-0.45435357592123105,-0.3067578365491058,-0.02224472823944034,-0.2534518302664995,-0.11151688831531435
BDLL4,-0.10482562346483171,0.048594009435278245,-0.4571428571428573,0.1178827456068634,0.04018091976242577,0.08868303508253537,-0.0672128232676512
HBSA3,-0.10840275213883399,0.029603638315926807,-0.46900269316595977,-0.2832918810762363,-0.015486552668765589,-0.2345134162432798,-0.11209102598709816
BRSR6,-0.11262996505439948,0.022036840124365444,-0.4827435356795037,-0.3783795080349201,-0.0314714752094396,-0.3117629189209395,-0.12573823883457505
BBDC3,-0.1159089504280777,0.022093079108236314,-0.4932004083578967,-0.38747597193836414,-0.03266402895005513,-0.3193623646826754,-0.12926544962547493
BBDC4,-0.12041135165476002,0.023038778946312347,-0.5072762533246408,-0.37055948633619673,-0.0306660606420458,-0.3061848463398022,-0.13108115206279647
ARML3,-0.12070460603256927,0.035802865500033434,-0.5081818320534442,-0.27208570541034777,-0.010636738744264958,-0.2261587383815318,-0.12019196881708687
DMVF3,-0.1228490180973536,0.028028841388036792,-0.5147625173427326,-0.3652614647840849,-0.026387975177714414,-0.3016911894981996,-0.1320024768174877
YDUQ3,-0.12295653166072518,0.03692390185117783,-0.5150905430279031,-0.05992854561087627,0.01125061375378212,-0.056546099469655754,-0.10066568970454999
MYPK3,-0.12422971267688654,0.028641162155880872,-0.5189612544850393,-0.22845741155561686,-0.012355782698545644,-0.19232478429659408,-0.11936539508148283
AHEB3,-0.12824943398538757,0.039515820800136346,-0.5310163238321493,-0.014136922467029557,0.01737402099486737,-0.020182899292148768,-0.10006165735499939
EQPA6,-0.12903170564658095,0.040929705687745725,-0.5333333333333332,-0.06999927689820104,0.012840666295718384,-0.06480962151444436,-0.10613232163831031
MELK3,-0.1305504260856336,0.026199856283739265,-0.5378048719500309,-0.46660566418194255,-0.038755723999766206,-0.3837195883257435,-0.14848092165832721
ALLD3,-0.1333596984851677,0.03537206622433038,-0.545983698941789,-0.2863440123594496,-0.013672718104997426,-0.23887397311364342,-0.1317849534016461
TELB3,-0.13781786674706542,0.07015306017944423,-0.5587195961001044,0.23684368860009528,0.06602503032885837,0.18270847022331413,-0.07955461851969839
NTCO3,-0.14102625792801327,0.034527106418119145,-0.5677029507676786,-0.19661934772120745,-0.0061428754304267575,-0.16794539332795538,-0.12903023047271944
RDOR3,-0.1419626684443286,0.025069142326753897,-0.5702964392159613,-0.5891394747224963,-0.05305490045527937,-0.4830009323897545,-0.16997716799503712
BMGB4,-0.14454440741599717,0.028700060371713444,-0.5773809388651606,-0.34793149734549483,-0.026287542178778447,-0.28992963258082427,-0.1475586696301759
RAIZ4,-0.14605874347128,0.026778287155385282,-0.5814917034283538,-0.6667660316556218,-0.05985984778838195,-0.5453408709560869,-0.18084576922704765
BRKM3,-0.15081608294131177,0.030121157248776242,-0.5941934163873104,-0.2599203330579753,-0.016976715800907715,-0.2200057590156338,-0.14363278393396933
CEED3,-0.15089445876152008,0.03514075651831941,-0.5943999989827471,-0.15385710080438175,-0.002362550741934656,-0.13466105086782548,-0.1325872014378223
CASH3,-0.15836462132046947,0.04725943921159997,-0.6136985968505466,-0.0765258526952822,0.014318503967704808,-0.07233120036711271,-0.12961833840474382
BRKM5,-0.1601901458704209,0.03654660952056916,-0.6182984887213744,-0.14601478356892042,-0.0013832053274788047,-0.12917618049012153,-0.13909893410117186
CBEE3,-0.16152020679898782,0.03393683929743,-0.6216216086843718,-0.2536444443556922,-0.014366993677524004,-0.21567389223470956,-0.15118692594501648
FIQE3,-0.16159267349727813,0.02969254789126073,-0.6218019819877543,-0.6269964808905701,-0.05510487712577625,-0.5147871972730579,-0.18900453209775347
LREN3,-0.164591387557128,0.028620230957789934,-0.6292044509313611,-0.33385910878445874,-0.026948864867926726,-0.28068440268750083,-0.16219699782836927
TELB4,-0.16651541236978962,0.048690940630613175,-0.6338912075456302,0.011412345731972428,0.02344244584070882,-0.0026525705883397033,-0.12720200125957315
GUAR3,-0.1721218758354638,0.03782026502311266,-0.647272281440961,-0.13783262919273664,-0.0007392384843299127,-0.12369626443542443,-0.14769873708533343
ALPK3,-0.17241434808654543,0.04079206714080944,-0.647959185659462,-0.19991806118175579,-0.004599587214182566,-0.17309667703997825,-0.153844077873331
CTSA3,-0.1748130784982178,0.06891019429874642,-0.653551658227307,0.15926427207488755,0.053573274796664114,0.1168211292399629,-0.11703301616121085
SEER3,-0.17583006651519362,0.03626618915134004,-0.6559006316404006,-0.1804399632403742,-0.006614051654484747,-0.15830835832868473,-0.1550814306210583
PDTC3,-0.17617315269214484,0.046083203608458495,-0.6566901220745129,-0.013970815101659971,0.017852166107386314,-0.024185646989696614,-0.13772728330303602
LJQQ3,-0.17891915837683536,0.03512193037141907,-0.6629557968157513,-0.35875526443547506,-0.025669897984095788,-0.3013839343489217,-0.1754986601078739
CSED3,-0.1849668083657584,0.03349841050426424,-0.6764252729286688,-0.5010271385403335,-0.04180066628719781,-0.41596855061841626,-0.19472631949621366
BRKM6,-0.1853628219835659,0.029636671500629003,-0.677291671435038,-0.3355902433001955,-0.02838596932787294,-0.28404480968845014,-0.1788856147668094
MATD3,-0.1860222543616067,0.02923466274047409,-0.678730162363204,-0.7084220501568241,-0.06605670025946381,-0.5824163992875726,-0.21673654223092037
LIGT3,-0.1900341657713699,0.037253226990523775,-0.6873691026759294,-0.18819345927317005,-0.008020180912034974,-0.16583286129662067,-0.16712135584536056
LPSB3,-0.19295178794652246,0.04161478676179157,-0.6935314564093891,-0.11057080320504538,0.0029395702942764685,-0.1035903426825094,-0.16125703200154334
BRIT3,-0.1954608027802932,0.03627789586215593,-0.6987509178502398,-0.5579164280058689,-0.04631540638889148,-0.4622514330965089,-0.20853249543860589
CLSA3,-0.1963448623057581,0.0453107397850199,-0.7005725771838585,-0.31554883704198144,-0.014940778106758031,-0.267542481885659,-0.18409969957030264
HBRE3,-0.1978747543431304,0.03265137178174616,-0.7037037027692783,-0.5690199780508606,-0.05056837581400218,-0.4717383206968269,-0.2119366641014158
BLAU3,-0.20061538733802053,0.02616032746123138,-0.709245735938663,-0.899712679952257,-0.08910454476004265,-0.7372156499494845,-0.247847545119519
PCAR3,-0.20296739971105437,0.04701577143902716,-0.7139339702434685,-0.047804626079248146,0.012535414572191476,-0.053838863690601244,-0.16245280523286562
HBOR3,-0.20670157331210026,0.04113373546792352,-0.7212499976158127,-0.14614961642776328,-0.002378130599647539,-0.13347647692662828,-0.17586284674566416
BAHI3,-0.20690267222518466,0.03827309536126666,-0.7216396023340066,-0.21603154096216245,-0.01167494502972138,-0.18968819045612179,-0.1832979823402373
PGMN3,-0.2122208542587536,0.02745565589132852,-0.7317823140614197,-0.7472596042738735,-0.0739835211401999,-0.6162842032558413,-0.24175707824525738
BDLL3,-0.2193498171373175,0.0345207667584883,-0.7449019562964347,-0.3397680232606698,-0.02829517063300809,-0.29029732364641875,-0.20600457936007216
PETZ3,-0.21979649729409978,0.03633284021278214,-0.7457061690495521,-0.476712137159934,-0.04058459127517767,-0.39971607543607895,-0.21987512752999502
NINJ3,-0.22059518916266718,0.03922678514864176,-0.7471389771102576,-0.5196450496178696,-0.04264259575914027,-0.4338528800956983,-0.22451797777705657
MGLU3,-0.22304023717046717,0.04214258639649956,-0.7514842253819201,-0.15808190539239894,-0.00439814513908697,-0.14455528939131593,-0.19002612163596372
AZUL4,-0.22505772364640775,0.0458004183681506,-0.7550234194889966,-0.08787284077827325,0.005347278252052385,-0.08822400315044432,-0.18425342115813848
SHOW3,-0.22754864098919847,0.04114712684388709,-0.7593360989009061,-0.1887890992194622,-0.008716072545756393,-0.16967143079010089,-0.1968031100289163
MEAL3,-0.23833398731253086,0.036106133187739635,-0.7772988586464217,-0.31679772725991595,-0.026628264907052973,-0.2736609672204119,-0.21873634925724234
ENJU3,-0.2391977188479596,0.04440469570413087,-0.7786885209860133,-0.34961523183904175,-0.02335753850539544,-0.2991714877856163,-0.22187922869185878
AHEB5,-0.25033709795080716,0.028149931174710822,-0.7959837807355985,-0.488627366186135,-0.051376501473925563,-0.41312060962651764,-0.24631742186178818
COGN3,-0.25085275081270964,0.03565820672210632,-0.7967567572722561,-0.3610426901389871,-0.03266297871748462,-0.31035360652025,-0.23322064899185582
MTRE3,-0.2543099216753909,0.036589514737803794,-0.8018774568068932,-0.47400940893329463,-0.04356032127062552,-0.40097956784039446,-0.24718992675986184
NGRD3,-0.2626270286834136,0.037209092682194175,-0.8137651809650088,-0.6451131992630931,-0.061006748648895326,-0.5386323530105964,-0.2708920336048208
RCSL3,-0.2698134710322908,0.06580835022017589,-0.8235604804561102,0.12594615344161222,0.03825994841707286,0.0803564106720783,-0.19667532645965383
AGXY3,-0.2724550175722439,0.03956950437835651,-0.8270531501566152,-0.7664310664280222,-0.0722330048973414,-0.6364334044618065,-0.2906501702627617
ZAMP3,-0.27436256063987163,0.03665278584506003,-0.8295399493485782,-0.39189820173899254,-0.037303847561838396,-0.3372895388706752,-0.2550145901012906
MLAS3,-0.2766101623990713,0.04351729281298095,-0.8324324240729783,-0.6312386984973617,-0.05597105183925854,-0.5283002457564984,-0.2800602704876951
AVLL3,-0.27977618602727927,0.04796101523908345,-0.8364385514379805,-0.3962468983724163,-0.029233496248702796,-0.3401790357767526,-0.2586495371351567
LVTC3,-0.28417154216042195,0.034031542442049034,-0.8418699087031289,-1.035384120624859,-0.10473033232488889,-0.8533212964717246,-0.3274724915466186
VVEO3,-0.2970100155361266,0.031828137038542224,-0.8568953665127553,-1.2202855401622692,-0.12626704593900578,-1.0027466199795738,-0.356453752741274
TCSA3,-0.30307596708482554,0.0377495654679501,-0.8635761661762923,-0.4355678298661459,-0.04366472732073706,-0.3749869040546043,-0.28224260010768004
QUAL3,-0.30656536531878587,0.03585608676213242,-0.8673020603210178,-0.4974307886824361,-0.05171474599041626,-0.42501555880161423,-0.2914097624470591
DASA3,-0.3094996707556691,0.04142884506604161,-0.8703703703703705,-0.34365639158798317,-0.03217253018153194,-0.3017321958393493,-0.2778224912567294
RNEW11,-0.3161703701295434,0.04182007675747369,-0.8771300402117003,-0.3736393018945423,-0.03552490579642962,-0.32634647085284085,-0.2861182186173416
RNEW4,-0.3165956655665563,0.04305879946980219,-0.8775510220631584,-0.35370049359569333,-0.03258257634038321,-0.3103140814862301,-0.28434070186583416
RNEW3,-0.3203341593327421,0.041373969027662674,-0.8812010385961715,-0.3912672649584112,-0.03806096720698519,-0.3409098309972369,-0.2912566570592685
OIBR4,-0.32722166512040185,0.04128744952385091,-0.8876923047579253,-0.4116276528346708,-0.040854972176426536,-0.35789554382739175,-0.2988113524274035
AZEV3,-0.33454625481587275,0.08411418974356145,-0.8942739251369659,0.16643161134647078,0.050479887447908975,0.1081020825699455,-0.24258242374369499
PMAM3,-0.3386112697883328,0.03896656037283789,-0.8977880845539096,-0.4888204908042102,-0.051569927760983986,-0.42102086358491764,-0.31587440887380347
MBLY3,-0.3500878861308587,0.0413635012736401,-0.907196966549801,-0.8381642118367342,-0.08573440877784722,-0.7014038079551093,-0.3597503799609964
CTNM4,-0.35572021330384085,0.06386247615601416,-0.9115479117638062,-0.19644469918755234,-0.004126510324327988,-0.18634153306482457,-0.2978343929462265
CTSA4,-0.3598358951702634,0.049884870921281604,-0.9146204448943748,-0.3152916174193169,-0.027604854521932745,-0.2832283963603517,-0.31440939078601426
KRSA3,-0.3603526900247349,0.04367528582311575,-0.91499999910593,-0.9997159095663296,-0.10106663130061386,-0.8314404680732257,-0.3838862143941093
WEST3,-0.36823675287161517,0.0413215128805077,-0.9206212247992185,-0.9389096945074011,-0.09765743443349548,-0.7838192796050317,-0.38434822045998146
VIVR3,-0.37175213210961655,0.06325396591898018,-0.9230275305539104,-0.08024052646044492,0.005403906878177996,-0.09504223778741958,-0.29910036174183974
ATMP3,-0.3759820414381184,0.05237608835236352,-0.925843439679454,-0.26867338794777884,-0.022564672256698913,-0.24729930566679859,-0.3224153631100363
VSTE3,-0.39205825032292463,0.04172766385662524,-0.9357879790695125,-0.5501898881140636,-0.06084268275839863,-0.4751849691378808,-0.3644928226840836
BHIA3,-0.3994559226136104,0.04621684804431865,-0.9399817635230645,-0.43135519180229737,-0.046107633006135865,-0.3804080608987671,-0.35807857246668623
RCSL4,-0.39996956568674147,0.04572485612687851,-0.9402644114189036,-0.4501892468830542,-0.04843599635547676,-0.39557586846242965,-0.36042209162501077
AMAR3,-0.4031476604580687,0.04582772493107843,-0.9419891285227602,-0.4511950581792458,-0.048772091918868714,-0.3966880400960957,-0.3630548616912717
AERI3,-0.41244724179431913,0.04056992827474908,-0.9468032805646052,-1.057397348906404,-0.11452851645027304,-0.8831056104770801,-0.4316405354986208
GSHP3,-0.41623727432167335,0.055113978919667544,-0.9486689763998915,-0.2289372925927712,-0.020426273555710417,-0.21926216361441755,-0.35037215082464906
GOLL4,-0.4192177711970959,0.04757089275267891,-0.9500982340725154,-0.4397712481204991,-0.04784218772961638,-0.388981686340841,-0.37459425249445877
SGPS3,-0.42031748245631795,0.05711602905241119,-0.9506172839506174,-0.28524931509365914,-0.024863856513068758,-0.264519597415318,-0.3590673145691792
ESPA3,-0.42035613125847404,0.042254436598717,-0.9506354449708194,-1.0986289244765255,-0.11809495629452636,-0.9167133090471962,-0.44192235379456013
DOTZ3,-0.4224060855927758,0.047572100436605556,-0.9515909101023816,-1.0475799968627353,-0.10894092789626666,-0.8755473960058052,-0.43792565811683365
IRBR3,-0.4234580489797979,0.041405179371145046,-0.9520753094805435,-0.6264972809613444,-0.07187138949719818,-0.5394031117299407,-0.39727564934285825
OIBR3,-0.42855183429152044,0.04949605734229855,-0.9543650793650794,-0.42533706185636144,-0.045792043740949355,-0.3781752271800114,-0.3804255678846227
TRAD3,-0.42945579113111154,0.052240261701671536,-0.9547619066991682,-0.956179383301298,-0.09677130808190373,-0.8026650595839825,-0.43395854506485193
CVCB3,-0.4354097817971134,0.046840786874739325,-0.9573056746349512,-0.5004397637679354,-0.05611232505671343,-0.4392087105065858,-0.39368772312701034
IFCM3,-0.4638245716600976,0.05257483650018197,-0.9678893832397754,-0.9818400384119566,-0.10250659180705984,-0.8265970042455568,-0.4639861775192555
GFSA3,-0.47619717690808727,0.05457837767076199,-0.9717698151244211,-0.4254781044862365,-0.04650482600282279,-0.3825443635127218,-0.4180477142080173
JFEN3,-0.5026439395549385,0.06694286243608032,-0.978787879149119,-0.2693897289838051,-0.023649076905010103,-0.2590818908989299,-0.42235983829872326
SEQL3,-0.5113179497691606,0.06005351632091413,-0.9807500188350498,-0.7875961518170029,-0.08184859710188505,-0.675203364798427,-0.48180862336493735
AMER3,-0.525416350338353,0.05397714438123416,-0.9836208173759945,-0.44274824847398486,-0.053634744376246456,-0.4013425193748998,-0.45921019067995744
NEXP3,-0.5337701195010283,0.04837661298279454,-0.9851494268640916,-0.7213895181398722,-0.08681467337785442,-0.6256509651637211,-0.4943173861165304
PDGR3,-0.7952032883679068,0.06420820858103406,-0.9998412448845583,-1.179296291965769,-0.14608339116854033,-1.0165365415513026,-0.747671439032799
